,px,human,elephant,giraffe,unknown,all
0,0.0,0.25133282559025133,0.3136635786839832,0.19053898137464972,0.1502218466089161,0.1502218466089161
1,0.001001001001001001,0.2513892300657112,0.31376833982674207,0.1905755028292011,0.15028780268071337,0.15028780268071337
2,0.002002002002002002,0.31483739946192163,0.39830750418851296,0.25810265872091814,0.20997798376619908,0.20997798376619908
3,0.003003003003003003,0.3574227285370626,0.45270826804753705,0.2981281797092239,0.2475884346486614,0.2475884346486614
4,0.004004004004004004,0.3908385059257328,0.49277861747817076,0.32915796462687513,0.2757112822688926,0.2757112822688926
5,0.005005005005005005,0.4161464769943913,0.5237726906575265,0.35575796645396857,0.29803034260488415,0.29803034260488415
6,0.006006006006006006,0.43824328416635144,0.5509873545503495,0.3782625592375792,0.31543290378942823,0.31543290378942823
7,0.007007007007007007,0.4577727439506249,0.5734048266057357,0.3945315903315099,0.33241238775318255,0.33241238775318255
8,0.008008008008008008,0.4750114175187702,0.5947664233688122,0.4108329469143006,0.34690609762208235,0.34690609762208235
9,0.009009009009009009,0.49063096054890526,0.6143045146202614,0.42925447995958216,0.3598789562727098,0.3598789562727098
10,0.01001001001001001,0.5040473769994828,0.6303682284365474,0.444144542689695,0.37321672988963617,0.37321672988963617
11,0.011011011011011011,0.5170621439429972,0.6434733560223808,0.4572330753101216,0.3819243556436588,0.3819243556436588
12,0.012012012012012012,0.5291483631221933,0.6554163731912707,0.46522287387517547,0.3925188566676253,0.3925188566676253
13,0.013013013013013013,0.5410631242124548,0.6673846451907347,0.47288927820477,0.40147859236359557,0.40147859236359557
14,0.014014014014014014,0.5510036200564262,0.6785819740290271,0.4824303375304596,0.4090159435481563,0.4090159435481563
15,0.015015015015015015,0.5615936046163502,0.6886671303237729,0.48815532385508187,0.41576842835243555,0.41576842835243555
16,0.016016016016016016,0.5720932200558926,0.6989696404750108,0.4967534882445998,0.4235891266939217,0.4235891266939217
17,0.017017017017017015,0.5803911624283529,0.7076174307386355,0.5030052259155269,0.43278498697207585,0.43278498697207585
18,0.018018018018018018,0.5890668821747311,0.7165128779359707,0.5116726819675553,0.4395137956528745,0.4395137956528745
19,0.01901901901901902,0.5972390420326241,0.7248657284185259,0.5176613331709333,0.4478252476610247,0.4478252476610247
20,0.02002002002002002,0.6042279058476405,0.7330068825526592,0.5213845291878161,0.4547888149032406,0.4547888149032406
21,0.02102102102102102,0.6128702340345971,0.740424067566451,0.5270597298268368,0.46191757428936703,0.46191757428936703
22,0.022022022022022022,0.6204217063674226,0.7470889890094986,0.5318055009896082,0.46662647345903346,0.46662647345903346
23,0.023023023023023025,0.6271186431097401,0.7542978212744933,0.5357014825963391,0.4740940777570003,0.4740940777570003
24,0.024024024024024024,0.6345138558838879,0.7601469647501703,0.5447318857675786,0.47859448465073784,0.47859448465073784
25,0.025025025025025023,0.640754385143756,0.7661991763687434,0.5490816046028684,0.48391258049231456,0.48391258049231456
26,0.026026026026026026,0.6466656273131878,0.7725190927226284,0.5545406363000686,0.48945694143925017,0.48945694143925017
27,0.02702702702702703,0.6534006873462084,0.7778238008538172,0.559307001751674,0.49708015067753303,0.49708015067753303
28,0.028028028028028028,0.6583881889528562,0.7834974677405842,0.5635135270949732,0.5036353419927949,0.5036353419927949
29,0.029029029029029027,0.6631635732355016,0.7885713859411687,0.5658020909278744,0.5093889472225865,0.5093889472225865
30,0.03003003003003003,0.6688688835013391,0.7943730256830535,0.5699654532579661,0.5138667522147905,0.5138667522147905
31,0.031031031031031032,0.6741441762603375,0.7986275212502452,0.5735956034117138,0.5177549983820527,0.5177549983820527
32,0.03203203203203203,0.6792824792847205,0.8038310883987035,0.576262159991262,0.521516362273989,0.521516362273989
33,0.03303303303303303,0.6840078686798594,0.8094904032486787,0.5779958054127594,0.5254233886153764,0.5254233886153764
34,0.03403403403403403,0.6880431478450576,0.8145431881265959,0.5827477101162026,0.5298100128161574,0.5298100128161574
35,0.035035035035035036,0.6920562062096433,0.8192391597243561,0.5862636265207671,0.5341577692855098,0.5341577692855098
36,0.036036036036036036,0.6956061986457343,0.8233998951690329,0.58730217871159,0.5369043701767117,0.5369043701767117
37,0.037037037037037035,0.6992073953260439,0.8281123697109611,0.5900009811148496,0.5406429508679099,0.5406429508679099
38,0.03803803803803804,0.7027754004627673,0.8313428074639461,0.5945852257339437,0.5455861730859008,0.5455861730859008
39,0.03903903903903904,0.7056870763280934,0.8336341776432739,0.6006947915826272,0.5490809669039529,0.5490809669039529
40,0.04004004004004004,0.7078433672910146,0.8362335018297266,0.6038772715761501,0.5538910022987816,0.5538910022987816
41,0.04104104104104104,0.7114632572119712,0.839338533590887,0.6078416510119085,0.5558229288330125,0.5558229288330125
42,0.04204204204204204,0.7146494271270712,0.8423230870353918,0.6136803248411193,0.5598534985118873,0.5598534985118873
43,0.043043043043043044,0.7177689256120154,0.845447554392277,0.6161926704533041,0.5630458719898509,0.5630458719898509
44,0.044044044044044044,0.7210296501068582,0.8479256244052795,0.6180891524228085,0.5667438278993461,0.5667438278993461
45,0.04504504504504504,0.7234773474067181,0.8500601853109839,0.6207619782866397,0.5705540566396176,0.5705540566396176
46,0.04604604604604605,0.7264350678438887,0.8530281913767588,0.6222165655064721,0.574330911138034,0.574330911138034
47,0.04704704704704705,0.7293282308753102,0.8563111731963766,0.6256269086003968,0.5786945122235556,0.5786945122235556
48,0.04804804804804805,0.7319719725480734,0.859057487056628,0.6272014108847478,0.5824942962949359,0.5824942962949359
49,0.04904904904904905,0.7344125884807419,0.8616555956253023,0.6282387457362467,0.5853969514198615,0.5853969514198615
50,0.050050050050050046,0.7375623735163378,0.8630435278529007,0.629576264238277,0.5891950200834697,0.5891950200834697
51,0.05105105105105105,0.739912726544949,0.8661624832444589,0.6301402027995132,0.5929637321788698,0.5929637321788698
52,0.05205205205205205,0.7422331111275468,0.8682874550890739,0.6338318836902679,0.595925340822133,0.595925340822133
53,0.05305305305305305,0.7442203147443918,0.8704668306926491,0.6371194371880866,0.5998245627356913,0.5998245627356913
54,0.05405405405405406,0.746406724049057,0.8724681497528353,0.6385008646004543,0.6035535481586085,0.6035535481586085
55,0.055055055055055056,0.7484160956245224,0.8744023366939826,0.6401011953661848,0.6070179885780574,0.6070179885780574
56,0.056056056056056056,0.751042829812135,0.8772478064005957,0.6412745680219016,0.6082209555024627,0.6082209555024627
57,0.057057057057057055,0.7533612204740172,0.8797384858046854,0.643330023582004,0.6117513419012078,0.6117513419012078
58,0.058058058058058054,0.7550974665611996,0.8821079183713033,0.644496021848097,0.6136452378170723,0.6136452378170723
59,0.05905905905905906,0.7571512287731144,0.8839569619605666,0.6454667514110248,0.61580059187147,0.61580059187147
60,0.06006006006006006,0.7585565186815412,0.8857547017080002,0.6468257246870144,0.6184165597983716,0.6184165597983716
61,0.06106106106106106,0.7609184936015665,0.8863713458189281,0.6479855538571351,0.62112479871539,0.62112479871539
62,0.062062062062062065,0.7624985239857301,0.8880931707069558,0.6497762111203119,0.6234129787155188,0.6234129787155188
63,0.06306306306306306,0.7642792839764464,0.8898410182454123,0.6495555038237045,0.6276055478941797,0.6276055478941797
64,0.06406406406406406,0.7657336695992909,0.891205917003324,0.6525437430174927,0.6291348586209726,0.6291348586209726
65,0.06506506506506507,0.7674392697082307,0.8926206081314348,0.6559234107140183,0.6304865785877016,0.6304865785877016
66,0.06606606606606606,0.7687862416714422,0.8942617541055767,0.6584198703288056,0.6340911465892426,0.6340911465892426
67,0.06706706706706707,0.7698881034705556,0.8961732311354405,0.6593945857951319,0.6357654646059744,0.6357654646059744
68,0.06806806806806806,0.7713848782397381,0.8978783813629565,0.6613763994044335,0.6401931797133974,0.6401931797133974
69,0.06906906906906907,0.7732196150180669,0.9000177663581561,0.6625108183404456,0.6405283155951881,0.6405283155951881
70,0.07007007007007007,0.7748321176379895,0.9012507811013025,0.664072681535857,0.6419419463073046,0.6419419463073046
71,0.07107107107107107,0.7765448713179701,0.9021066497850244,0.6657418860047548,0.6446697816246302,0.6446697816246302
72,0.07207207207207207,0.7790753522412756,0.9032692533043077,0.6646014964035256,0.6466652847090553,0.6466652847090553
73,0.07307307307307308,0.7807426355320978,0.9040039357122307,0.6664884291646144,0.6484441199930866,0.6484441199930866
74,0.07407407407407407,0.7822079734369446,0.9046353321382671,0.6680968359991151,0.6521976347098103,0.6521976347098103
75,0.07507507507507508,0.783417930570526,0.9053950894051812,0.6693749393564418,0.6568411114379207,0.6568411114379207
76,0.07607607607607608,0.7849741003005839,0.9067008922939802,0.6714209710759107,0.6591435363893294,0.6591435363893294
77,0.07707707707707707,0.7859370987868955,0.9077507695480286,0.6751627520200733,0.6606690155934704,0.6606690155934704
78,0.07807807807807808,0.7871253717050042,0.9087928216421215,0.6742199837024506,0.6618219363705262,0.6618219363705262
79,0.07907907907907907,0.788411466606201,0.9100226849183596,0.6712033129487107,0.6638106874878114,0.6638106874878114
80,0.08008008008008008,0.7897778167290956,0.9107290387647261,0.6715607570609292,0.6660831986928728,0.6660831986928728
81,0.08108108108108109,0.7907105091739857,0.9115312587479807,0.6732827141510772,0.6685600859809709,0.6685600859809709
82,0.08208208208208208,0.7920856923223529,0.9122899633430713,0.6735013857297086,0.671870453827403,0.671870453827403
83,0.08308308308308308,0.7934824634308922,0.9132695151849942,0.6739074949508709,0.6733723132704809,0.6733723132704809
84,0.08408408408408408,0.7943885049314428,0.9138176307867723,0.6749956390276122,0.6746918964664069,0.6746918964664069
85,0.08508508508508508,0.7955892489579481,0.9150037022195936,0.6763535571310897,0.6775918066314425,0.6775918066314425
86,0.08608608608608609,0.7963638731398913,0.9157298785857987,0.6769805759453852,0.6789291183623768,0.6789291183623768
87,0.08708708708708708,0.797392390029629,0.9164782286107864,0.6781972967903237,0.6800708631342125,0.6800708631342125
88,0.08808808808808809,0.7980180157258638,0.9171572749274709,0.6806588022418817,0.6803511522987824,0.6803511522987824
89,0.0890890890890891,0.7989779009827683,0.9183770514757832,0.6812330564844988,0.6818678148109629,0.6818678148109629
90,0.09009009009009009,0.7997011844809458,0.9188343473710827,0.6823340088916982,0.6849731975993939,0.6849731975993939
91,0.09109109109109109,0.8010777822518937,0.9201792892874788,0.6826779661484464,0.6871270697996253,0.6871270697996253
92,0.0920920920920921,0.8018167721109005,0.9208115187987249,0.6838255626072114,0.6882100066834637,0.6882100066834637
93,0.09309309309309309,0.8032662120797865,0.9212113803476717,0.6853782103989686,0.6909176250203566,0.6909176250203566
94,0.0940940940940941,0.8042345901106845,0.9218019012230951,0.6870193612391943,0.6928462328499737,0.6928462328499737
95,0.09509509509509509,0.8051595615085728,0.9223485643450257,0.6872020372771471,0.6938919799291302,0.6938919799291302
96,0.0960960960960961,0.8061024992810655,0.9234995104623651,0.6885808937569877,0.6949900061587556,0.6949900061587556
97,0.0970970970970971,0.8064191071829001,0.9239965265242224,0.689545246844575,0.6971245617751576,0.6971245617751576
98,0.0980980980980981,0.8074214959250369,0.9245087772356713,0.6910294246514188,0.6990266403281189,0.6990266403281189
99,0.0990990990990991,0.8083009413915389,0.9250995770023963,0.691824737048439,0.7011431787539388,0.7011431787539388
100,0.10010010010010009,0.8097595348006181,0.9254824657458562,0.6933670054980113,0.7036875306651369,0.7036875306651369
101,0.1011011011011011,0.8110217621312337,0.9259133819611093,0.6938442384052317,0.704969848037818,0.704969848037818
102,0.1021021021021021,0.8119839218341828,0.9264604883969297,0.694385220235779,0.7054890969368603,0.7054890969368603
103,0.1031031031031031,0.8120779946791825,0.927015858643477,0.694490588932555,0.7091560613270237,0.7091560613270237
104,0.1041041041041041,0.813137179894486,0.9276085540951075,0.6945864664586355,0.7133981329739892,0.7133981329739892
105,0.10510510510510511,0.814441224601719,0.9280296699765029,0.6955149332388688,0.7150772970431096,0.7150772970431096
106,0.1061061061061061,0.8147974996392034,0.9285972227074228,0.6959122541763563,0.7162605597606042,0.7162605597606042
107,0.10710710710710711,0.8149288488164464,0.9288237773468149,0.6955128339628621,0.7171719965738581,0.7171719965738581
108,0.10810810810810811,0.8155647328018414,0.9290564723834968,0.695567615832903,0.7183185894698637,0.7183185894698637
109,0.1091091091091091,0.8164618852322753,0.9295803836893859,0.696169843640356,0.7189049983727276,0.7189049983727276
110,0.11011011011011011,0.8174051358281194,0.9299503365649741,0.696519461550852,0.720750087849131,0.720750087849131
111,0.1111111111111111,0.8178035494590634,0.9301395660787157,0.698129919076741,0.7222408373938237,0.7222408373938237
112,0.11211211211211211,0.817696319210005,0.9303824331548967,0.6985368064459089,0.7232517807876371,0.7232517807876371
113,0.11311311311311312,0.8180974123760427,0.9306261576351276,0.6987708869628911,0.7235220441486188,0.7235220441486188
114,0.11411411411411411,0.8190535458441867,0.931002423347939,0.7005280345940246,0.7256014384401631,0.7256014384401631
115,0.11511511511511512,0.8197206434719054,0.9318640703474677,0.7014626116709834,0.7260459022564808,0.7260459022564808
116,0.11611611611611611,0.8201918347276559,0.9323111785959154,0.7038561224343999,0.7272693006418978,0.7272693006418978
117,0.11711711711711711,0.8208302559861074,0.9326483043885202,0.7027035770467925,0.7310780161795968,0.7310780161795968
118,0.11811811811811812,0.8214718179768032,0.9330126366407587,0.7037290697947225,0.7326395022163013,0.7326395022163013
119,0.11911911911911911,0.8225436223825877,0.9332100040572546,0.706917466440515,0.7336984673013022,0.7336984673013022
120,0.12012012012012012,0.8233832006231733,0.9335103761393536,0.7063322347717339,0.7348121602375169,0.7348121602375169
121,0.12112112112112113,0.8241919622891363,0.9338766024447218,0.7072103148494596,0.7357208294553809,0.7357208294553809
122,0.12212212212212212,0.8240357538480009,0.9342747918896505,0.7081407737887956,0.7364584595623843,0.7364584595623843
123,0.12312312312312312,0.8244949131443039,0.9345867886490384,0.7087085069520962,0.7387503092463406,0.7387503092463406
124,0.12412412412412413,0.8252398456062509,0.9351265650376419,0.7081022921727681,0.7400671800135811,0.7400671800135811
125,0.12512512512512514,0.8261324370894813,0.9349091084254311,0.7088110262177678,0.7423094002991127,0.7423094002991127
126,0.12612612612612611,0.8266685080135596,0.9352883177516044,0.7096292183110919,0.7440826025042848,0.7440826025042848
127,0.12712712712712712,0.8272537444520857,0.9356213012285929,0.7099070771187426,0.7444905362649352,0.7444905362649352
128,0.12812812812812813,0.828095879785974,0.9358730582254481,0.7092977648207225,0.7453480504678808,0.7453480504678808
129,0.12912912912912913,0.8285662115382696,0.9361373919762906,0.7096369821539569,0.7479294700391256,0.7479294700391256
130,0.13013013013013014,0.829083365193724,0.9363504640529116,0.7098431625884604,0.7513198854099059,0.7513198854099059
131,0.13113113113113112,0.8292474049938013,0.9368294607431747,0.7100492529493168,0.7520424725365331,0.7520424725365331
132,0.13213213213213212,0.8295350411830088,0.9369086215196349,0.7117465740557656,0.7534799124743331,0.7534799124743331
133,0.13313313313313313,0.8300704190517297,0.9373903096077658,0.7123373934407458,0.7568665903639598,0.7568665903639598
134,0.13413413413413414,0.8308771946403566,0.9374904662640388,0.7138839056474533,0.7584048726753888,0.7584048726753888
135,0.13513513513513514,0.8310337725124509,0.9376887507860641,0.7153571464320537,0.7594653702372522,0.7594653702372522
136,0.13613613613613612,0.831180798296379,0.9377477704308783,0.7169332609295587,0.7626199226097768,0.7626199226097768
137,0.13713713713713713,0.8315607518368857,0.9379074928116649,0.7175346997640937,0.7651727417287141,0.7651727417287141
138,0.13813813813813813,0.8312588833208814,0.9379952862065741,0.7181096075783083,0.7677379643402855,0.7677379643402855
139,0.13913913913913914,0.8320746713364224,0.9377314200467238,0.720420465845309,0.7698819827833767,0.7698819827833767
140,0.14014014014014015,0.8325592859433053,0.938115770484547,0.7213210885340532,0.7712296374647445,0.7712296374647445
141,0.14114114114114115,0.8330714173660516,0.9386682920239037,0.7225871561713285,0.771960788554144,0.771960788554144
142,0.14214214214214213,0.833599500858376,0.9390957358789355,0.7228205028790712,0.7746362202829454,0.7746362202829454
143,0.14314314314314314,0.8338857581756598,0.9392144682907927,0.7230167647478059,0.7773591352749878,0.7773591352749878
144,0.14414414414414414,0.8347682348334984,0.9395098092303205,0.7247555470245021,0.7783363598253139,0.7783363598253139
145,0.14514514514514515,0.8355403383762714,0.9398250450786019,0.726227101970851,0.7800502100478744,0.7800502100478744
146,0.14614614614614616,0.8361208640774236,0.9399201801421782,0.7265804365349227,0.7803915317614158,0.7803915317614158
147,0.14714714714714713,0.8366695409400239,0.9400610507791551,0.7270608024106119,0.7822641230197047,0.7822641230197047
148,0.14814814814814814,0.8369577910439219,0.940557727935651,0.7277544652866644,0.7826230675993007,0.7826230675993007
149,0.14914914914914915,0.8377783581903531,0.940384044716213,0.7286062347137792,0.7836603548072951,0.7836603548072951
150,0.15015015015015015,0.8383360644613023,0.9403886949455461,0.7288864271999178,0.7848922911442239,0.7848922911442239
151,0.15115115115115116,0.838677945520809,0.9407882854095903,0.7293076051620565,0.7865365564133201,0.7865365564133201
152,0.15215215215215216,0.8389849243471462,0.9407936064835073,0.7289335003251548,0.7870246413195726,0.7870246413195726
153,0.15315315315315314,0.8395063470699291,0.9408790390372712,0.729586963263497,0.7886128683550128,0.7886128683550128
154,0.15415415415415415,0.8405347157751497,0.9406833777963498,0.7301037019908262,0.7891413422226137,0.7891413422226137
155,0.15515515515515516,0.8409739487547724,0.9412018477876669,0.7307107145617815,0.7909316775229559,0.7909316775229559
156,0.15615615615615616,0.8413156056188403,0.9414066029339122,0.732158974296771,0.7924237600195504,0.7924237600195504
157,0.15715715715715717,0.8416186867354648,0.9416930183725662,0.7329376245777396,0.7930711058701491,0.7930711058701491
158,0.15815815815815815,0.8417084677779827,0.9417271434101141,0.7354396040819414,0.7943435852203076,0.7943435852203076
159,0.15915915915915915,0.8424779953856493,0.9419335209708918,0.7361770074227524,0.7945221133394468,0.7945221133394468
160,0.16016016016016016,0.8428533989512343,0.9420448573217841,0.7370252130626491,0.796673719298005,0.796673719298005
161,0.16116116116116116,0.8433675110332146,0.9423459366733935,0.7372880947726274,0.7996974593785559,0.7996974593785559
162,0.16216216216216217,0.8438395016945299,0.9424483922399345,0.7377871716245596,0.8007626813084489,0.8007626813084489
163,0.16316316316316315,0.8440554890034947,0.9424566436624179,0.7388383334754111,0.8017433426239297,0.8017433426239297
164,0.16416416416416416,0.8446925823514023,0.9427995345041721,0.7393582160960032,0.801720545606538,0.801720545606538
165,0.16516516516516516,0.8452478026088853,0.9432783129978227,0.7400818219584776,0.8026538831415579,0.8026538831415579
166,0.16616616616616617,0.8456242128008343,0.9435721132793375,0.739544116577577,0.8036096866257494,0.8036096866257494
167,0.16716716716716717,0.8464264406137469,0.9438907713684487,0.7386246877725581,0.8052509384379339,0.8052509384379339
168,0.16816816816816815,0.8466798558957889,0.9440311341420704,0.7399088370481084,0.8056418075146938,0.8056418075146938
169,0.16916916916916916,0.846843721170793,0.944439962188658,0.740381614414988,0.8069987347791912,0.8069987347791912
170,0.17017017017017017,0.847562990093698,0.9447602633942769,0.7414891911028478,0.808179007568893,0.808179007568893
171,0.17117117117117117,0.8476678838428089,0.9445983932979279,0.7417175951164271,0.8098354439949578,0.8098354439949578
172,0.17217217217217218,0.848210573511429,0.9448106763276981,0.7416236677998214,0.8116193829985491,0.8116193829985491
173,0.17317317317317318,0.848737223013828,0.945181457313794,0.7409725570840033,0.8117260787723866,0.8117260787723866
174,0.17417417417417416,0.8492032530891966,0.94533369900749,0.7418792712160722,0.8134402796768284,0.8134402796768284
175,0.17517517517517517,0.8492742070961854,0.9455977131894315,0.7431404774839274,0.8141589050170001,0.8141589050170001
176,0.17617617617617617,0.8495169092243524,0.9454181851854024,0.744037750863025,0.8166881369039571,0.8166881369039571
177,0.17717717717717718,0.8496014130630181,0.9454976176405174,0.744436950143729,0.8169175676414132,0.8169175676414132
178,0.1781781781781782,0.8497294329534,0.9456460944510976,0.7447333251786478,0.8171468795267864,0.8171468795267864
179,0.17917917917917917,0.8502807268841821,0.9458644196885503,0.7449829663029748,0.8177121061616318,0.8177121061616318
180,0.18018018018018017,0.8505944432513761,0.9462248626004629,0.7451981455237189,0.8190638564560294,0.8190638564560294
181,0.18118118118118118,0.8511313645363219,0.9464266690360267,0.7454132201344039,0.8194541763340712,0.8194541763340712
182,0.18218218218218218,0.8514309773585146,0.9471006035661917,0.7455299206324046,0.8196526242933215,0.8196526242933215
183,0.1831831831831832,0.8518642698489804,0.9471836714656052,0.7464053853835146,0.8202965953104657,0.8202965953104657
184,0.1841841841841842,0.8523594609863437,0.9472550375045514,0.7472218746777137,0.8215629316313591,0.8215629316313591
185,0.18518518518518517,0.8525066833046445,0.9472684942594745,0.7476829253537726,0.8226559963724289,0.8226559963724289
186,0.18618618618618618,0.8528149436138841,0.9473134473662727,0.748065780340302,0.820869314933209,0.820869314933209
187,0.1871871871871872,0.8531415618807383,0.947386161183512,0.7485971235636641,0.8201814167805762,0.8201814167805762
188,0.1881881881881882,0.8535541373933747,0.9474918992627476,0.7492017296052981,0.8207654408220603,0.8207654408220603
189,0.1891891891891892,0.8538175371154499,0.9474931146691433,0.7506537929277726,0.8210879746411021,0.8210879746411021
190,0.19019019019019018,0.8540724579424319,0.9475612473886157,0.7510691783751171,0.8215237570692824,0.8215237570692824
191,0.19119119119119118,0.8538073309668051,0.9477258078413314,0.7527646992263558,0.823127727874233,0.823127727874233
192,0.1921921921921922,0.8540782384840657,0.9476011807113536,0.7546229071220273,0.8240742610936532,0.8240742610936532
193,0.1931931931931932,0.8540689930433181,0.9475962122957926,0.7550818430233642,0.8248302702084875,0.8248302702084875
194,0.1941941941941942,0.8541457252799106,0.9475915601071917,0.7553772991296759,0.8249254660439322,0.8249254660439322
195,0.19519519519519518,0.8541849610825021,0.9476801744069159,0.7550923325679858,0.8255983016567628,0.8255983016567628
196,0.1961961961961962,0.8542238706327311,0.9478328585397909,0.7566368587211886,0.8259327082565326,0.8259327082565326
197,0.1971971971971972,0.8542647054342389,0.9478208740356868,0.7565704427177732,0.8272660215218284,0.8272660215218284
198,0.1981981981981982,0.854160458011585,0.947767943800797,0.7556189331765119,0.8281191395017272,0.8281191395017272
199,0.1991991991991992,0.853883855302313,0.9480089461951069,0.7546851106853625,0.828470872283486,0.828470872283486
200,0.20020020020020018,0.8538729068058777,0.9480228593748158,0.7547853549270672,0.8299822995035966,0.8299822995035966
201,0.2012012012012012,0.8539172735570467,0.9480871901675062,0.7551237608454259,0.8303718445281204,0.8303718445281204
202,0.2022022022022022,0.8538246558713783,0.9482990050063257,0.7543864913986463,0.8306317874347746,0.8306317874347746
203,0.2032032032032032,0.8539472427142497,0.9483357549394901,0.7565498615135015,0.8320427297951882,0.8320427297951882
204,0.2042042042042042,0.8540192247218075,0.9483198346616862,0.7562221121186057,0.833164705857394,0.833164705857394
205,0.20520520520520522,0.8543358885742596,0.9484107714323736,0.7554459056673423,0.8332053204636422,0.8332053204636422
206,0.2062062062062062,0.8547023530788656,0.9486974238796438,0.7559173582591714,0.8327300359492035,0.8327300359492035
207,0.2072072072072072,0.8547820232999805,0.9487694176101946,0.7560036860759675,0.8339640595150133,0.8339640595150133
208,0.2082082082082082,0.8551951044602569,0.9487807252773666,0.7560899962363649,0.8345262785115338,0.8345262785115338
209,0.2092092092092092,0.8557467478632168,0.9485598776904446,0.7561762887457797,0.8351141079405513,0.8351141079405513
210,0.21021021021021022,0.8557377360943074,0.948494953507646,0.7562625636096262,0.8350909221104876,0.8350909221104876
211,0.2112112112112112,0.8558011224909413,0.9487100522648537,0.7563488208333162,0.8351606835360714,0.8351606835360714
212,0.2122122122122122,0.8557666674971566,0.9488892664238281,0.7564350604222592,0.8348277970230322,0.8348277970230322
213,0.2132132132132132,0.8557143292742064,0.9490533404186718,0.7561600959604955,0.8343449477508555,0.8343449477508555
214,0.21421421421421422,0.8559627338517656,0.9490748307160524,0.75665550301512,0.8347883855364697,0.8347883855364697
215,0.21521521521521522,0.8564777536824429,0.9492120260442899,0.7570424614221837,0.8351762555432776,0.8351762555432776
216,0.21621621621621623,0.8570606006216349,0.9493004083617419,0.7578797174924298,0.8355826435884208,0.8355826435884208
217,0.2172172172172172,0.8577223596762732,0.9492835910279965,0.7573054269949274,0.8365330976093002,0.8365330976093002
218,0.2182182182182182,0.8577685895549557,0.9492200433656591,0.7575879519755302,0.836743490612219,0.836743490612219
219,0.21921921921921922,0.8575021578425638,0.9490224246678485,0.7585765850369476,0.837472383628375,0.837472383628375
220,0.22022022022022023,0.8577251027543309,0.9490897100465049,0.7581352621401239,0.8374984898500103,0.8374984898500103
221,0.22122122122122123,0.858004281890348,0.9490355077934038,0.7575156948031425,0.8375017524660758,0.8375017524660758
222,0.2222222222222222,0.8582932029175235,0.9490926711722716,0.7573784352155617,0.8378916838369309,0.8378916838369309
223,0.22322322322322322,0.8582916112161011,0.9491525899225246,0.7575333916267132,0.8376936942567107,0.8376936942567107
224,0.22422422422422422,0.8586876404700822,0.9490740069058105,0.7555925782840037,0.8373585113601306,0.8373585113601306
225,0.22522522522522523,0.8590652215967868,0.9490248943027776,0.7572561926191319,0.8359758828417203,0.8359758828417203
226,0.22622622622622623,0.85915000589208,0.9487954481411787,0.7577333591274404,0.8348995621500653,0.8348995621500653
227,0.2272272272272272,0.8592139364339954,0.9486792450137683,0.7579907568209616,0.83512582598752,0.83512582598752
228,0.22822822822822822,0.8592435290478153,0.9486931332031058,0.7582509930103832,0.8351820504720752,0.8351820504720752
229,0.22922922922922923,0.8595700683171771,0.9486366892289828,0.7585592695577071,0.8339636942683104,0.8339636942683104
230,0.23023023023023023,0.8596828982876772,0.9487241116195417,0.7595528895778293,0.8343675368418143,0.8343675368418143
231,0.23123123123123124,0.8598591187305439,0.9488701607864355,0.7610172992546905,0.8346369580677697,0.8346369580677697
232,0.23223223223223222,0.8601011338264785,0.9489696250162514,0.7615015785642437,0.8349232395509242,0.8349232395509242
233,0.23323323323323322,0.8603348944030966,0.9488348511106804,0.7621074260525867,0.8352332657151854,0.8352332657151854
234,0.23423423423423423,0.8604388162051452,0.9488327179597839,0.7636121260040424,0.8365698028963343,0.8365698028963343
235,0.23523523523523523,0.8608002878799812,0.9487121319860151,0.7640466747460168,0.8360250289292048,0.8360250289292048
236,0.23623623623623624,0.8608728370988105,0.948727579561245,0.7630381971227973,0.835758370603453,0.835758370603453
237,0.23723723723723725,0.8608890404829862,0.9484146009195292,0.762495155512581,0.835618927005751,0.835618927005751
238,0.23823823823823823,0.8610442136722465,0.9485949854084411,0.7628553328115851,0.8357948659685649,0.8357948659685649
239,0.23923923923923923,0.8613421680621018,0.9487381310669598,0.7625309426591319,0.8346307278321243,0.8346307278321243
240,0.24024024024024024,0.8615763807879812,0.9484247276232254,0.7618308278564947,0.8335215387532436,0.8335215387532436
241,0.24124124124124124,0.8617398752727478,0.9484379459376536,0.7611927878128508,0.8328952654558005,0.8328952654558005
242,0.24224224224224225,0.8618679298049544,0.9483034575613334,0.7593551183911197,0.8330371057656224,0.8330371057656224
243,0.24324324324324323,0.8618372222794426,0.9483077524488113,0.7594807696703851,0.8321108270286566,0.8321108270286566
244,0.24424424424424424,0.8619094723619852,0.9483546151852937,0.7614035442462344,0.8316727531781631,0.8316727531781631
245,0.24524524524524524,0.8621704994437879,0.9483830082917385,0.760970566903366,0.8312172164309927,0.8312172164309927
246,0.24624624624624625,0.8623450995197743,0.9485710801868583,0.7605374106756263,0.8314963163958725,0.8314963163958725
247,0.24724724724724725,0.8627900417403349,0.9484446158650105,0.7615961830492112,0.8316756824768307,0.8316756824768307
248,0.24824824824824826,0.8626662298892348,0.9485650981759735,0.7613670719606244,0.8312215205662763,0.8312215205662763
249,0.24924924924924924,0.8627689191846222,0.9487292323536713,0.761773311538308,0.8311646485317604,0.8311646485317604
250,0.2502502502502503,0.862878407228883,0.9487143589754312,0.7610541095341529,0.8308873165848506,0.8308873165848506
251,0.25125125125125125,0.862962909457924,0.9486425152071217,0.7600031183617235,0.8290516336326755,0.8290516336326755
252,0.25225225225225223,0.8627766726338398,0.9484953939425149,0.7608837840181992,0.8288308481312957,0.8288308481312957
253,0.25325325325325326,0.8625678533659717,0.9482758348779061,0.7621631360935182,0.8286099985369337,0.8286099985369337
254,0.25425425425425424,0.8626235926070587,0.948326629902405,0.7642796113347434,0.8283890848015254,0.8283890848015254
255,0.2552552552552553,0.8629968712238902,0.9482097563558164,0.7646031096534315,0.827064993679473,0.827064993679473
256,0.25625625625625625,0.8633221279726837,0.9481904253639959,0.764994667478851,0.8265022984310451,0.8265022984310451
257,0.25725725725725723,0.8633123721433053,0.9478237375184816,0.7666599570530729,0.8261642550657352,0.8261642550657352
258,0.25825825825825827,0.8632465904866902,0.9476609992793621,0.7668149892378507,0.8263983966077153,0.8263983966077153
259,0.25925925925925924,0.8629418572812432,0.9476681955704167,0.7680020298120979,0.8267139439532712,0.8267139439532712
260,0.2602602602602603,0.8634174531493717,0.9476101757725024,0.7686511890820876,0.8271324819237172,0.8271324819237172
261,0.26126126126126126,0.8633075551665077,0.9476435240632614,0.7694499013552795,0.8259582801165484,0.8259582801165484
262,0.26226226226226224,0.8632426800333658,0.9475234910873999,0.7702967636601942,0.8255641855480592,0.8255641855480592
263,0.26326326326326327,0.8636781207913891,0.9473702564497278,0.770856060582234,0.8259809640627727,0.8259809640627727
264,0.26426426426426425,0.8633835811229668,0.947437250263642,0.7694798019332831,0.8265130409102067,0.8265130409102067
265,0.2652652652652653,0.8632015988961669,0.9475379103836828,0.768752479293472,0.8260445240805714,0.8260445240805714
266,0.26626626626626626,0.8631939611506573,0.9475804145218868,0.76846714151924,0.824697925231852,0.824697925231852
267,0.26726726726726724,0.8631787762646774,0.9476722099429113,0.7681817203668138,0.8238691352175584,0.8238691352175584
268,0.2682682682682683,0.8633906278968679,0.947471856175673,0.7678962157438558,0.8236008663146821,0.8236008663146821
269,0.26926926926926925,0.863636554471076,0.9472667494215911,0.7682224484875594,0.8233325014375913,0.8233325014375913
270,0.2702702702702703,0.8638111408083489,0.9472654676560432,0.7697774110297005,0.8223456058945079,0.8223456058945079
271,0.27127127127127126,0.8637115577392017,0.9472244769872128,0.770441234884143,0.8222907616311673,0.8222907616311673
272,0.27227227227227224,0.8638779171224642,0.9472483447472863,0.7705871755413088,0.8231070425163156,0.8231070425163156
273,0.2732732732732733,0.8637308537202054,0.9472761400864833,0.7707330598804378,0.8210301957807938,0.8210301957807938
274,0.27427427427427425,0.8636644501540744,0.9471117479557909,0.7708788879341231,0.8205671390110229,0.8205671390110229
275,0.2752752752752753,0.8634756390002905,0.9470066414669204,0.7710246597349326,0.820358409525799,0.820358409525799
276,0.27627627627627627,0.8636271999827455,0.9469938624792185,0.7705541401783027,0.8201496217100167,0.8201496217100167
277,0.2772772772772773,0.8636151997312784,0.9470326927465208,0.769428310678913,0.8199407755233166,0.8199407755233166
278,0.2782782782782783,0.8636234939483018,0.9467957410691069,0.7688421012591944,0.8192365005081155,0.8192365005081155
279,0.27927927927927926,0.8636579891923466,0.9467213659770729,0.7697665059570638,0.8185808399426633,0.8185808399426633
280,0.2802802802802803,0.863997473904143,0.9463205035863017,0.7694296654277675,0.8193554120925428,0.8193554120925428
281,0.28128128128128127,0.8639257254391073,0.9462047202072519,0.7682589878262334,0.8197721571398326,0.8197721571398326
282,0.2822822822822823,0.8639919526926498,0.9460926256982846,0.7680651492417132,0.8206952567577602,0.8206952567577602
283,0.2832832832832833,0.8639925809071698,0.9455415763850628,0.7680716627869317,0.8206747679322829,0.8206747679322829
284,0.28428428428428426,0.8643388307239717,0.9454270044521144,0.7677738833123318,0.8201234640067088,0.8201234640067088
285,0.2852852852852853,0.8645944575245952,0.9454314302772849,0.7666723484930711,0.8189652225011034,0.8189652225011034
286,0.2862862862862863,0.8643883288429968,0.9453503365153132,0.766518525501361,0.8196617969163326,0.8196617969163326
287,0.2872872872872873,0.8645841983301992,0.9452805107414306,0.7667579989668546,0.8200726529915993,0.8200726529915993
288,0.2882882882882883,0.8645584025469669,0.9451810003830354,0.766997314679228,0.8184465414390075,0.8184465414390075
289,0.28928928928928926,0.8645627935787286,0.9452738356201776,0.766625909433378,0.8186642244143608,0.8186642244143608
290,0.2902902902902903,0.864682666657293,0.9454118108798628,0.7667247222087858,0.818881772424271,0.818881772424271
291,0.2912912912912913,0.8646006671666092,0.9452080742013197,0.7678224987946078,0.8182662430341314,0.8182662430341314
292,0.2922922922922923,0.8643633917527496,0.9452806427027098,0.7680725143188747,0.8195544728277863,0.8195544728277863
293,0.2932932932932933,0.8644025019988769,0.9452265004900198,0.7684371046007135,0.8196510016739724,0.8196510016739724
294,0.29429429429429427,0.8642244574390723,0.9451833227738282,0.7671558114886552,0.8190210857963459,0.8190210857963459
295,0.2952952952952953,0.8641288079279685,0.9452450042219888,0.7655460266781042,0.8184624128352391,0.8184624128352391
296,0.2962962962962963,0.8641294990884214,0.9453038753344141,0.764874376899927,0.8176036807895801,0.8176036807895801
297,0.2972972972972973,0.8640089692045708,0.9453951851743058,0.7651864607335407,0.8171637160439076,0.8171637160439076
298,0.2982982982982983,0.8639235820871483,0.9452227719026388,0.7658633088513903,0.8174622885777812,0.8174622885777812
299,0.29929929929929927,0.8639107477690742,0.9451872935530111,0.7671418418481991,0.8160599365641179,0.8160599365641179
300,0.3003003003003003,0.8639508410618896,0.9451853707032264,0.7654946060113509,0.817222151656665,0.817222151656665
301,0.3013013013013013,0.8639339272259624,0.9451534115550134,0.7658682134582386,0.8169999487266,0.8169999487266
302,0.3023023023023023,0.8634439760419141,0.9451709275136918,0.7650909541921314,0.8162069296243665,0.8162069296243665
303,0.3033033033033033,0.8630975763682979,0.945129426947653,0.7651958645897866,0.8160007447807217,0.8160007447807217
304,0.30430430430430433,0.8633553415120033,0.9450541592629867,0.7641390668221403,0.8149376090064697,0.8149376090064697
305,0.3053053053053053,0.8636131669955359,0.9448833216689986,0.7634162984253761,0.8140028096291264,0.8140028096291264
306,0.3063063063063063,0.8637124390854475,0.9449118627690352,0.763567962952509,0.8137441464788172,0.8137441464788172
307,0.3073073073073073,0.8639335587618483,0.9448560080913103,0.7638557712801946,0.8119367101480449,0.8119367101480449
308,0.3083083083083083,0.8641567432449299,0.9446941901858597,0.7619108270242628,0.8113807265515743,0.8113807265515743
309,0.30930930930930933,0.8640761857360484,0.9446263739222972,0.7627454707117295,0.8108167274514718,0.8108167274514718
310,0.3103103103103103,0.8638424665484489,0.9444126301779171,0.7626926562288446,0.8072998934626693,0.8072998934626693
311,0.3113113113113113,0.8636495891910908,0.944271579400049,0.7631394145921102,0.8075946411766685,0.8075946411766685
312,0.3123123123123123,0.8636257035285698,0.9439354329259441,0.7630826824092518,0.8066945429763773,0.8066945429763773
313,0.3133133133133133,0.8635971217920224,0.9438646809577416,0.7621839890354691,0.8044817591940302,0.8044817591940302
314,0.31431431431431434,0.8636812304037134,0.9439328118421585,0.7615800095280871,0.8036146397819682,0.8036146397819682
315,0.3153153153153153,0.8637231107130153,0.9437885368038295,0.7608153219690109,0.8010832917028169,0.8010832917028169
316,0.3163163163163163,0.8632974935355756,0.9437646649341038,0.7610736203386652,0.7990080172856123,0.7990080172856123
317,0.3173173173173173,0.863334812803991,0.9436302216980577,0.7605401991632692,0.7988841816884953,0.7988841816884953
318,0.3183183183183183,0.863401092284875,0.9435379093033189,0.7611879916981084,0.7968735827600343,0.7968735827600343
319,0.31931931931931934,0.8632822647614712,0.9435578984893731,0.7614188298371983,0.7936430961846288,0.7936430961846288
320,0.3203203203203203,0.8627558794948943,0.9434901836074464,0.7616495094749969,0.7925721781581421,0.7925721781581421
321,0.3213213213213213,0.8629546268901458,0.9435000388217457,0.7613487748699649,0.7902646912114589,0.7902646912114589
322,0.32232232232232233,0.8631237453908455,0.943362482641695,0.7612521123769672,0.7888755241960783,0.7888755241960783
323,0.3233233233233233,0.8628190503816991,0.943344309276361,0.7610524421149754,0.7877042197663099,0.7877042197663099
324,0.32432432432432434,0.8623914863286012,0.9435119391325569,0.7612753646494352,0.7881035603290514,0.7881035603290514
325,0.3253253253253253,0.8621641092591182,0.9432761515874944,0.7614981379147936,0.7866967729166685,0.7866967729166685
326,0.3263263263263263,0.8618930653012913,0.9432703258002809,0.760716803936847,0.7852476008123663,0.7852476008123663
327,0.32732732732732733,0.8619205693532428,0.9432536330053375,0.7604369847377849,0.7830191940733368,0.7830191940733368
328,0.3283283283283283,0.8622392815122434,0.9430610759074048,0.7600050807727476,0.7833919771254764,0.7833919771254764
329,0.32932932932932935,0.8621695356100243,0.9426349569738881,0.7589817398993945,0.7827180025256126,0.7827180025256126
330,0.3303303303303303,0.8620893457541208,0.9425858959298399,0.7579099068767339,0.7822220314271946,0.7822220314271946
331,0.3313313313313313,0.8621774967860066,0.9425687945737996,0.7552898233200314,0.7812800361450766,0.7812800361450766
332,0.33233233233233234,0.8621343766731232,0.942434199719678,0.7525704884634562,0.7805554371692097,0.7805554371692097
333,0.3333333333333333,0.8618017602996494,0.9423787465127655,0.7526963527076973,0.7792728543021867,0.7792728543021867
334,0.33433433433433435,0.8618155580255723,0.942151189505879,0.7529259094339803,0.7782330650339903,0.7782330650339903
335,0.3353353353353353,0.861920809426021,0.9421060142589065,0.7531328510412215,0.7760177253132329,0.7760177253132329
336,0.3363363363363363,0.8616918312146419,0.9420019865311131,0.7515874458527586,0.7755902889189205,0.7755902889189205
337,0.33733733733733734,0.8617605230239179,0.9420662288792607,0.7510688011032347,0.7746280811228616,0.7746280811228616
338,0.3383383383383383,0.8615866879614648,0.9421090438508701,0.7475290990288643,0.7709009800303898,0.7709009800303898
339,0.33933933933933935,0.8615892806263507,0.9419967009238038,0.7462290318977101,0.7669947640081713,0.7669947640081713
340,0.34034034034034033,0.861556266115144,0.9418760880980315,0.746398612037445,0.7657569984066551,0.7657569984066551
341,0.34134134134134136,0.8618632395796678,0.9417716517622151,0.7467739269148403,0.7643568355582087,0.7643568355582087
342,0.34234234234234234,0.8617205150061932,0.9417799076915395,0.7475866503320495,0.7639786141362114,0.7639786141362114
343,0.3433433433433433,0.8614207284497719,0.941885028029876,0.7442816498929774,0.76360019458588,0.76360019458588
344,0.34434434434434436,0.8611257250600771,0.9419932997449911,0.7445159840698332,0.7624165407371949,0.7624165407371949
345,0.34534534534534533,0.8610634789217926,0.9419475830365891,0.7447621837435595,0.761699788829949,0.761699788829949
346,0.34634634634634637,0.8612635149135294,0.9417097888914028,0.7435125999875893,0.7609531061919514,0.7609531061919514
347,0.34734734734734735,0.861188933341836,0.9414776755746677,0.7409394354825471,0.7602080354814797,0.7602080354814797
348,0.3483483483483483,0.8612251416505313,0.9410320243359824,0.7404371069793986,0.7596303422931313,0.7596303422931313
349,0.34934934934934936,0.8611734086115521,0.9408664422646796,0.7395567475850202,0.7580099194177143,0.7580099194177143
350,0.35035035035035034,0.8614735616063518,0.9409214102479866,0.7372625166386728,0.7577224037229734,0.7577224037229734
351,0.35135135135135137,0.861394635672724,0.9408593747016848,0.7368636379926046,0.7569110228922262,0.7569110228922262
352,0.35235235235235235,0.8616307052611485,0.9407436850920836,0.7366679523609163,0.7536968642329938,0.7536968642329938
353,0.3533533533533533,0.8615378259776848,0.940472908773747,0.7364722225254083,0.7537760845595433,0.7537760845595433
354,0.35435435435435436,0.8607382472648587,0.9403454536269457,0.7362764484559877,0.7504443311631552,0.7504443311631552
355,0.35535535535535534,0.8607928484321385,0.9403784304048056,0.7360806301225349,0.7501703512487099,0.7501703512487099
356,0.3563563563563564,0.8606212549917742,0.940436944981439,0.7358847674949024,0.7498962675789576,0.7498962675789576
357,0.35735735735735735,0.860516802860061,0.9405100019195738,0.7361740369512058,0.7496220800700857,0.7496220800700857
358,0.35835835835835833,0.859989508253511,0.9403786373913842,0.7365127002482826,0.7487466474713673,0.7487466474713673
359,0.35935935935935936,0.8596310858200036,0.9401515513918137,0.7356522512109065,0.7472649587024115,0.7472649587024115
360,0.36036036036036034,0.8592608225586761,0.9399957002191018,0.7340579992270089,0.7458389909285329,0.7458389909285329
361,0.3613613613613614,0.8593914214663314,0.9399263886251426,0.7331571605923104,0.7447618154045,0.7447618154045
362,0.36236236236236236,0.8595240738673541,0.9397689398578708,0.7310566248436018,0.7430105388023088,0.7430105388023088
363,0.36336336336336333,0.8592977238401369,0.9396691828465048,0.7313849445579684,0.7438508775972278,0.7438508775972278
364,0.36436436436436437,0.859140658349428,0.9396290861373415,0.7304438080748283,0.742159753551121,0.742159753551121
365,0.36536536536536535,0.8592046127287605,0.9395889865689511,0.7309306087732974,0.7387640483494736,0.7387640483494736
366,0.3663663663663664,0.858879576517111,0.9394663976758081,0.7308366831812688,0.7347650823296529,0.7347650823296529
367,0.36736736736736736,0.8584970094109046,0.9392673902788611,0.7296779081131827,0.7338617409384425,0.7338617409384425
368,0.3683683683683684,0.8584345591245487,0.9392105620563408,0.7291507618416174,0.7319854371400581,0.7319854371400581
369,0.36936936936936937,0.8585727492773259,0.9391548282313178,0.7297877385772298,0.730223425411292,0.730223425411292
370,0.37037037037037035,0.8583469423853344,0.9390820411601523,0.7292272779222977,0.7291873561239657,0.7291873561239657
371,0.3713713713713714,0.8584070289977157,0.9385808286254325,0.7286938323598474,0.7267318287453287,0.7267318287453287
372,0.37237237237237236,0.8582689274036854,0.938270351002537,0.7283178926139827,0.726118893590565,0.726118893590565
373,0.3733733733733734,0.8583686911393978,0.9381956455387536,0.7286259384205416,0.7249725145843379,0.7249725145843379
374,0.3743743743743744,0.857787643148495,0.9379679337704686,0.7275536967301943,0.7260790555965779,0.7260790555965779
375,0.37537537537537535,0.8574469450231545,0.9379036453296995,0.7226287879916563,0.7261550781381372,0.7261550781381372
376,0.3763763763763764,0.8572743877060712,0.9377424063652998,0.7216757230470832,0.7255967516540578,0.7255967516540578
377,0.37737737737737737,0.8571587014223119,0.9374576170862562,0.7183750714750867,0.7239459499952464,0.7239459499952464
378,0.3783783783783784,0.8568419334154711,0.9371738939584194,0.7160754773809603,0.7202188171223243,0.7202188171223243
379,0.3793793793793794,0.8567108458557768,0.9371579126936018,0.7155554173100646,0.7137409919127785,0.7137409919127785
380,0.38038038038038036,0.8564859404214892,0.9370726906528035,0.7159798406903106,0.7115996048255843,0.7115996048255843
381,0.3813813813813814,0.8559070513699372,0.936938192840723,0.7130399977426786,0.71085737656283,0.71085737656283
382,0.38238238238238237,0.8560247690145837,0.9368425755548081,0.7129851880424424,0.7072702301007484,0.7072702301007484
383,0.3833833833833834,0.8556937189727546,0.9365171359094576,0.7138025327138159,0.7064745609242752,0.7064745609242752
384,0.3843843843843844,0.8546634424927498,0.9364258242674245,0.7142561565934389,0.7023023117077944,0.7023023117077944
385,0.38538538538538536,0.8542763006759401,0.9363932305090827,0.7132903900422075,0.700517212999268,0.700517212999268
386,0.3863863863863864,0.8536172263309844,0.9363889763772005,0.7135869851983241,0.6982768575580447,0.6982768575580447
387,0.38738738738738737,0.8523637499777706,0.9362264921468073,0.7130909500216768,0.6953079813169739,0.6953079813169739
388,0.3883883883883884,0.8517567600856992,0.9361629461522737,0.711839524876773,0.6943590716044197,0.6943590716044197
389,0.3893893893893894,0.8507979308723076,0.9356472623552405,0.7098314413174209,0.6926877423272404,0.6926877423272404
390,0.39039039039039036,0.8500714209195521,0.9354381917302286,0.7053689012941138,0.6912525035982475,0.6912525035982475
391,0.3913913913913914,0.849923984127104,0.9351597998913107,0.7025063628568812,0.6901699894021899,0.6901699894021899
392,0.3923923923923924,0.84948334834487,0.934730470132402,0.7004246531098091,0.68776724291499,0.68776724291499
393,0.3933933933933934,0.8483445391050594,0.9343955666401558,0.6980556918204738,0.6832927760509552,0.6832927760509552
394,0.3943943943943944,0.8480644630939308,0.9338144008673614,0.6948443082892031,0.6791426780193499,0.6791426780193499
395,0.39539539539539537,0.8472681872480271,0.93374599312995,0.6936520385180159,0.6787425855584305,0.6787425855584305
396,0.3963963963963964,0.8461533419276789,0.9335387118993403,0.6927700727093369,0.6766486705400342,0.6766486705400342
397,0.3973973973973974,0.8460063792490407,0.9327897763253031,0.6901202090109231,0.6737560945284914,0.6737560945284914
398,0.3983983983983984,0.8446888180415645,0.9321858632469301,0.6896472358252574,0.6709951212564705,0.6709951212564705
399,0.3993993993993994,0.8442854104341275,0.9317092946395803,0.68872496267845,0.6695357068816669,0.6695357068816669
400,0.40040040040040037,0.8431080008437254,0.9312230830747908,0.686044962394524,0.6662086859890715,0.6662086859890715
401,0.4014014014014014,0.8415319609625171,0.9309136890459947,0.6839930466340094,0.664919023303153,0.664919023303153
402,0.4024024024024024,0.8403319846501063,0.9305632757398974,0.6832491093672971,0.6632770590058785,0.6632770590058785
403,0.4034034034034034,0.8391345421992096,0.9302789455978949,0.6802906085784942,0.6623682400517295,0.6623682400517295
404,0.4044044044044044,0.8382414291136399,0.9299648137171108,0.681444343228571,0.6601677873061744,0.6601677873061744
405,0.40540540540540543,0.8373553500409501,0.9300266955844702,0.6788029637082865,0.6569183235987515,0.6569183235987515
406,0.4064064064064064,0.8367042453246449,0.9294029301892376,0.6745236076653708,0.6556100736936205,0.6556100736936205
407,0.4074074074074074,0.8347823127960498,0.9289523178835245,0.6714119552841438,0.6533174281545832,0.6533174281545832
408,0.4084084084084084,0.8337873592404194,0.9287744794212432,0.6681150593399701,0.6522975504552959,0.6522975504552959
409,0.4094094094094094,0.8326646284071874,0.9285381225468932,0.6643317660417669,0.6499135270635559,0.6499135270635559
410,0.41041041041041043,0.8323736347198724,0.9283632032251513,0.6621253443204614,0.648772999979276,0.648772999979276
411,0.4114114114114114,0.8301031510080682,0.9277734523793819,0.6613264499620046,0.6470278612887341,0.6470278612887341
412,0.4124124124124124,0.8273070468382872,0.9275004528776494,0.6588311728530447,0.6415204165761873,0.6415204165761873
413,0.4134134134134134,0.8258583930285712,0.926705568412836,0.6561568596952426,0.6409453853149965,0.6409453853149965
414,0.4144144144144144,0.8246073716513406,0.9264482140994642,0.6546539981160034,0.6395427533330125,0.6395427533330125
415,0.41541541541541543,0.82360653402472,0.9261424204299343,0.6532776210887766,0.6361417655934262,0.6361417655934262
416,0.4164164164164164,0.8220717861008382,0.9255409108813512,0.6510937306067659,0.6340238548495245,0.6340238548495245
417,0.4174174174174174,0.8206264273785514,0.9253262701621462,0.6487652792920339,0.6326367009614186,0.6326367009614186
418,0.4184184184184184,0.8190794099333436,0.9248746064437963,0.6461415116236714,0.6286093890406553,0.6286093890406553
419,0.4194194194194194,0.8177152686503927,0.9244071179867795,0.6439926210269915,0.6275478555961541,0.6275478555961541
420,0.42042042042042044,0.8153744591909251,0.9241340915024354,0.6424984735870133,0.6267738715077337,0.6267738715077337
421,0.4214214214214214,0.8135487026736473,0.9236099655269904,0.6384388441459145,0.6253017739311499,0.6253017739311499
422,0.4224224224224224,0.8114988932027634,0.9227510302287849,0.637443470056327,0.6238450120726338,0.6238450120726338
423,0.42342342342342343,0.8097457852319582,0.9220852133019908,0.6363390822703067,0.6208697211555865,0.6208697211555865
424,0.4244244244244244,0.8084041818688379,0.9217936820756331,0.6356850388228427,0.618760457955729,0.618760457955729
425,0.42542542542542544,0.8060011847472711,0.9213320244628451,0.6350304876530548,0.6143221736296657,0.6143221736296657
426,0.4264264264264264,0.8044229827050692,0.9208925923763234,0.6343556479301341,0.6073838196490617,0.6073838196490617
427,0.4274274274274274,0.8021227511404001,0.9200975827421228,0.6353175418055597,0.6041873402777834,0.6041873402777834
428,0.42842842842842843,0.8001572503269687,0.9194028391219846,0.6358899435207949,0.6000501444815466,0.6000501444815466
429,0.4294294294294294,0.7977308502780958,0.9189350214973032,0.6322749483307887,0.5991779109664507,0.5991779109664507
430,0.43043043043043044,0.7947875028102656,0.918623367352206,0.6305036200780201,0.5965482397232337,0.5965482397232337
431,0.4314314314314314,0.7926347525196988,0.918284795772443,0.629738260312765,0.5952865255227958,0.5952865255227958
432,0.43243243243243246,0.7902355630190119,0.9176641045169023,0.6290511505331406,0.5941326822441503,0.5941326822441503
433,0.43343343343343343,0.7886673329393749,0.917175145191371,0.6262910321705845,0.5911525314248606,0.5911525314248606
434,0.4344344344344344,0.7864124543448204,0.9166379102268483,0.624722154853701,0.5880444416303406,0.5880444416303406
435,0.43543543543543545,0.7841948055810822,0.9158865454330463,0.6223305317601555,0.5865070073474506,0.5865070073474506
436,0.4364364364364364,0.7812297898075395,0.9146812367803129,0.6185998033780565,0.5841510617310015,0.5841510617310015
437,0.43743743743743746,0.7789754669260606,0.9138813043511254,0.6178070718878839,0.5820420719738161,0.5820420719738161
438,0.43843843843843844,0.7762259641732873,0.9131294468600379,0.6171509077881319,0.5801305113873411,0.5801305113873411
439,0.4394394394394394,0.7735081299594571,0.9127657620180034,0.6173943894310838,0.5774628217618327,0.5774628217618327
440,0.44044044044044045,0.7711189077544276,0.9124554955343038,0.6134109505897934,0.5746996259940383,0.5746996259940383
441,0.44144144144144143,0.768649798427176,0.9116626079977546,0.6127098835462802,0.5744198488819672,0.5744198488819672
442,0.44244244244244246,0.7661729468739144,0.9105113357630913,0.6105331421957562,0.573905650893185,0.573905650893185
443,0.44344344344344344,0.7638696735296865,0.9094472048039972,0.6038313854487405,0.5706989356537416,0.5706989356537416
444,0.4444444444444444,0.7612039903170958,0.9080476451565703,0.6030373575179518,0.5694400263481894,0.5694400263481894
445,0.44544544544544545,0.758182982174473,0.9070696922374202,0.6029138314006408,0.5646317642564873,0.5646317642564873
446,0.44644644644644643,0.755552305533995,0.9065053222686963,0.5989405670870591,0.5627320783814312,0.5627320783814312
447,0.44744744744744747,0.7523666155675035,0.905385866968808,0.5973749238693913,0.5607337280574404,0.5607337280574404
448,0.44844844844844844,0.7482955698234028,0.9043669831297645,0.5964464894432655,0.5569414402450222,0.5569414402450222
449,0.4494494494494494,0.7465091568418744,0.9036446254698458,0.5958694378923053,0.5561522833018714,0.5561522833018714
450,0.45045045045045046,0.7432664908436888,0.9028613065023382,0.5952919857948795,0.5554582671357279,0.5554582671357279
451,0.45145145145145144,0.7396274683195653,0.902468023649504,0.5942109487685386,0.5497223789005401,0.5497223789005401
452,0.45245245245245247,0.7371021383374289,0.9017737744121934,0.5922216673864751,0.5480884123445303,0.5480884123445303
453,0.45345345345345345,0.7347720709723371,0.9006513194081931,0.5871900599309332,0.5452056769354823,0.5452056769354823
454,0.4544544544544544,0.731657360067512,0.8999899977897166,0.5876270813173438,0.5404998876427471,0.5404998876427471
455,0.45545545545545546,0.7271117430791656,0.8992930058100425,0.5812636974738105,0.5392084932627597,0.5392084932627597
456,0.45645645645645644,0.7232655378867345,0.8984370621934998,0.5802162947734989,0.5380234667317085,0.5380234667317085
457,0.4574574574574575,0.7211506889908149,0.8971116865808251,0.5779286127342735,0.5364110327355088,0.5364110327355088
458,0.45845845845845845,0.7184527284902981,0.8962269860757356,0.5768033859791224,0.5327416304238236,0.5327416304238236
459,0.45945945945945943,0.714421548911649,0.8950024301113797,0.5710456779196512,0.5301207901075754,0.5301207901075754
460,0.46046046046046046,0.7125491680854504,0.894387714436907,0.5699043041333598,0.5258486621843989,0.5258486621843989
461,0.46146146146146144,0.7090672728606255,0.8932549213456483,0.5684903367985238,0.5224897370995953,0.5224897370995953
462,0.4624624624624625,0.7055105707662493,0.8929483320941668,0.5661149851113945,0.5214330600585378,0.5214330600585378
463,0.46346346346346345,0.7020284419120119,0.8921326763044721,0.5661186317140661,0.5188946877057969,0.5188946877057969
464,0.46446446446446443,0.6976207961048304,0.8908035682203181,0.5637610586385772,0.5166761520557897,0.5166761520557897
465,0.46546546546546547,0.6936442989512602,0.8902062336807667,0.5625917264403346,0.5147880009585546,0.5147880009585546
466,0.46646646646646645,0.6910691693370012,0.888998686044021,0.5588251296505042,0.5124341471172178,0.5124341471172178
467,0.4674674674674675,0.6871137087764853,0.888614669489699,0.5562830903761982,0.5106274781858248,0.5106274781858248
468,0.46846846846846846,0.6831749349617341,0.8879539578995486,0.5530402986727259,0.507111739921622,0.507111739921622
469,0.4694694694694695,0.6787449082518178,0.8872773324000092,0.5516167427017358,0.50588261144903,0.50588261144903
470,0.47047047047047047,0.6724944674200676,0.8862624774916938,0.545153938334973,0.5047258379708763,0.5047258379708763
471,0.47147147147147145,0.6684585896655945,0.8857406359973362,0.5420431406261704,0.5007528662211166,0.5007528662211166
472,0.4724724724724725,0.6650006268220102,0.8852065498489214,0.5398077273074025,0.49848782985563334,0.49848782985563334
473,0.47347347347347346,0.6615816263646856,0.8850355900142299,0.5345338178585731,0.4981741109978521,0.4981741109978521
474,0.4744744744744745,0.6568027614232211,0.8840993673316075,0.5324633901880744,0.49467486664960997,0.49467486664960997
475,0.4754754754754755,0.6529640593339463,0.8833832646415269,0.5316258019170744,0.4906820909830011,0.4906820909830011
476,0.47647647647647645,0.6476884545478732,0.882009817972715,0.5296137600413865,0.4866751605670635,0.4866751605670635
477,0.4774774774774775,0.6446109819446149,0.8814361064012242,0.5253721147964837,0.48519131856198483,0.48519131856198483
478,0.47847847847847846,0.6413406461283268,0.8804276670841356,0.5218200566544575,0.4831980727592663,0.4831980727592663
479,0.4794794794794795,0.6375125388817641,0.8793988709990578,0.5163841550975553,0.48144647669660906,0.48144647669660906
480,0.4804804804804805,0.6324679401541659,0.8781654118718032,0.5116526944171982,0.48172108814350995,0.48172108814350995
481,0.48148148148148145,0.6285991833687786,0.8770077850490243,0.5052931765402229,0.47715627788422504,0.47715627788422504
482,0.4824824824824825,0.6233709285904471,0.8762941993854506,0.5042610050341108,0.4753050575747177,0.4753050575747177
483,0.48348348348348347,0.6194000118159441,0.8756826764122736,0.5027190362836845,0.47144433090284416,0.47144433090284416
484,0.4844844844844845,0.6134490755971125,0.874364287689734,0.5003253651353535,0.4664163168110869,0.4664163168110869
485,0.4854854854854855,0.6091555854903821,0.8735799393043248,0.4984915439130545,0.4652122037697102,0.4652122037697102
486,0.48648648648648646,0.6051461321036156,0.8724015321471483,0.4960192362718895,0.4637505196883566,0.4637505196883566
487,0.4874874874874875,0.6011027841774116,0.8716550389763893,0.48875729922801886,0.4606100064137182,0.4606100064137182
488,0.48848848848848847,0.5961897844892546,0.8709427212655585,0.4841456019816057,0.4580035532771158,0.4580035532771158
489,0.4894894894894895,0.5902114141810503,0.8706898333732191,0.4783475080275199,0.4542356620965581,0.4542356620965581
490,0.4904904904904905,0.5849017100571885,0.8691145036323902,0.4774466092866231,0.44908921931189105,0.44908921931189105
491,0.49149149149149146,0.5795217615227546,0.8683364783219236,0.47643503608302684,0.44217553357108336,0.44217553357108336
492,0.4924924924924925,0.5733724476848405,0.8675555917564292,0.47050797926885674,0.4325360260893583,0.4325360260893583
493,0.4934934934934935,0.5683160982292949,0.8669190892872518,0.46791982746296756,0.4277189600112688,0.4277189600112688
494,0.4944944944944945,0.5621451940939518,0.8660868625893584,0.46308883358951347,0.42477754428862885,0.42477754428862885
495,0.4954954954954955,0.5564130345194722,0.865558511804289,0.46207951151738474,0.4211243958511195,0.4211243958511195
496,0.4964964964964965,0.5518591519199909,0.8641365576839262,0.46123688999534734,0.41956793428098876,0.41956793428098876
497,0.4974974974974975,0.5455838019489322,0.862980507615588,0.46058718782193275,0.41881935830009875,0.41881935830009875
498,0.4984984984984985,0.5366367855696174,0.8626218562540149,0.45993700623174605,0.4134725085313636,0.4134725085313636
499,0.4994994994994995,0.5289457954386112,0.8618799980301731,0.45897396054410405,0.4113459135472496,0.4113459135472496
500,0.5005005005005005,0.5235553774628532,0.8616439844382587,0.4577256497415348,0.4090226131086161,0.4090226131086161
501,0.5015015015015015,0.5149409770852231,0.8614171772155543,0.45424870676161844,0.4043729582573507,0.4043729582573507
502,0.5025025025025025,0.5078821950956873,0.8599789229365145,0.4490647195870537,0.4024412047003624,0.4024412047003624
503,0.5035035035035035,0.5021455912272549,0.8590185770705588,0.4434415141115526,0.3990668321562705,0.3990668321562705
504,0.5045045045045045,0.496161960038146,0.8582117372874167,0.44215570050008085,0.39593065730021265,0.39593065730021265
505,0.5055055055055055,0.4895621594360779,0.8571781165299134,0.4403628187451352,0.39225377212413665,0.39225377212413665
506,0.5065065065065065,0.4831058889098825,0.8565821103079061,0.43437040680447014,0.3865257620876105,0.3865257620876105
507,0.5075075075075075,0.47760186218688533,0.8551939719663603,0.431842585191054,0.3842179308828736,0.3842179308828736
508,0.5085085085085085,0.469220234516514,0.854336114775895,0.4292253423621844,0.3796741281192909,0.3796741281192909
509,0.5095095095095095,0.46350318156192905,0.8531312561469078,0.4209997650357965,0.3755257530872776,0.3755257530872776
510,0.5105105105105106,0.45907628360697256,0.8521169485946122,0.41489866228020933,0.37261305978013365,0.37261305978013365
511,0.5115115115115115,0.4524749763520658,0.851488600777811,0.4123684801037813,0.3712736990991981,0.3712736990991981
512,0.5125125125125125,0.4459674922368527,0.8502991955920982,0.40788641995557295,0.36963418007885246,0.36963418007885246
513,0.5135135135135135,0.43929804840277104,0.8491106328465757,0.40483169342575687,0.36716065806473874,0.36716065806473874
514,0.5145145145145145,0.4335730106260091,0.8476411092987326,0.40411587156648476,0.3645504934818422,0.3645504934818422
515,0.5155155155155156,0.4270604791595487,0.8456583134286504,0.4033994901200039,0.3607995198121515,0.3607995198121515
516,0.5165165165165165,0.42000860826744957,0.8449084201969673,0.4020065477642694,0.35675415040748465,0.35675415040748465
517,0.5175175175175175,0.41419365212579357,0.8441650535339792,0.39949321245093466,0.35618718659284987,0.35618718659284987
518,0.5185185185185185,0.4057073688439634,0.8430641968701479,0.3947739280680895,0.34976259562230505,0.34976259562230505
519,0.5195195195195195,0.39887107867565885,0.8413919377840392,0.39166458186068365,0.3463676269641537,0.3463676269641537
520,0.5205205205205206,0.3916237824490123,0.8404792572698704,0.38795701435143354,0.3430974594496212,0.3430974594496212
521,0.5215215215215215,0.38493224906241325,0.8389911057455897,0.38628070805511583,0.3394974878626235,0.3394974878626235
522,0.5225225225225225,0.378289446770476,0.8380772916043115,0.3846397514949413,0.3387820179645456,0.3387820179645456
523,0.5235235235235235,0.3726238548997463,0.8374180021347598,0.38212242315689293,0.33806594991898126,0.33806594991898126
524,0.5245245245245245,0.3666326554184561,0.8361375181545073,0.380579703717284,0.33415189798244294,0.33415189798244294
525,0.5255255255255256,0.3611172918494611,0.8345977925659581,0.37861320022161105,0.3282635666074554,0.3282635666074554
526,0.5265265265265265,0.3560352428095151,0.8335109690788228,0.37014963278625623,0.32679930470421087,0.32679930470421087
527,0.5275275275275275,0.34945350877545484,0.8316756108624125,0.368841425038978,0.3184449029086432,0.3184449029086432
528,0.5285285285285285,0.34428980534918074,0.8292349097661621,0.3677499509332475,0.314556406204163,0.314556406204163
529,0.5295295295295295,0.3387893655771436,0.8286568187677005,0.36375984551804336,0.3070211744957064,0.3070211744957064
530,0.5305305305305306,0.3341306457247091,0.8269773578213193,0.36051838065633485,0.3001665912426519,0.3001665912426519
531,0.5315315315315315,0.32953238532248547,0.8251483963099788,0.3597062199630307,0.2979848422036054,0.2979848422036054
532,0.5325325325325325,0.32194870562916744,0.8240296320912588,0.35858613379670673,0.2965461962178923,0.2965461962178923
533,0.5335335335335335,0.31468527230681204,0.8223479855328653,0.35619417153931016,0.2935191008778427,0.2935191008778427
534,0.5345345345345345,0.3067877943217475,0.8209889006057487,0.35011523373087833,0.29089885481100086,0.29089885481100086
535,0.5355355355355356,0.303244152172618,0.8200107863525387,0.345652401089082,0.28791583300309254,0.28791583300309254
536,0.5365365365365365,0.2973984038926364,0.8182075978022206,0.3428481825648038,0.2831246190983383,0.2831246190983383
537,0.5375375375375375,0.2912767194842374,0.8172572141526555,0.33820223017192336,0.2765564977067207,0.2765564977067207
538,0.5385385385385385,0.28645458169615334,0.8155545925824225,0.33425848115464374,0.26805415674234534,0.26805415674234534
539,0.5395395395395395,0.27994564736462973,0.814033158662199,0.33020190709277436,0.2667973756497549,0.2667973756497549
540,0.5405405405405406,0.27334541092651965,0.8115549535891955,0.32557894905608703,0.2650355042337603,0.2650355042337603
541,0.5415415415415415,0.2667559499431447,0.810439905578548,0.322940851551441,0.26395846375950716,0.26395846375950716
542,0.5425425425425425,0.2632904653406678,0.8084885802406226,0.31824436729466365,0.2631740465813984,0.2631740465813984
543,0.5435435435435435,0.2575284724400729,0.8069796633056278,0.3150925684632495,0.2616399858762345,0.2616399858762345
544,0.5445445445445445,0.24821421690534126,0.80538553353829,0.3143037586332268,0.25046784332267924,0.25046784332267924
545,0.5455455455455456,0.24242216454041995,0.803349138042562,0.3076956550434933,0.2478932426348707,0.2478932426348707
546,0.5465465465465466,0.23415286331898477,0.8016269207344624,0.3053420714316404,0.2467930165920719,0.2467930165920719
547,0.5475475475475475,0.2288540374380091,0.7995795699619689,0.3033030984144046,0.24109124125125594,0.24109124125125594
548,0.5485485485485485,0.2252796119356729,0.7973322876450538,0.3018601462454976,0.23373060184910774,0.23373060184910774
549,0.5495495495495496,0.21848504513439693,0.7958725631163205,0.2990450516352521,0.23074857358345438,0.23074857358345438
550,0.5505505505505506,0.21426612930570035,0.7941041474303884,0.29816030933122595,0.22828476865369385,0.22828476865369385
551,0.5515515515515516,0.2069765313150928,0.7930502566195157,0.2972747711887931,0.2267233499532377,0.2267233499532377
552,0.5525525525525525,0.19982060170510377,0.7912194972972428,0.293445076857999,0.22338547725064736,0.22338547725064736
553,0.5535535535535535,0.19358473927182737,0.7895634123467522,0.2895940948657378,0.21533243314786846,0.21533243314786846
554,0.5545545545545546,0.188263599785871,0.7875076146273589,0.28497975758678307,0.21298080691516158,0.21298080691516158
555,0.5555555555555556,0.18185389125914908,0.78550332828471,0.2842433462358631,0.20951215757527078,0.20951215757527078
556,0.5565565565565566,0.17638785559299577,0.7825243310883262,0.27861292960781137,0.20418433509962655,0.20418433509962655
557,0.5575575575575575,0.17071191645635148,0.7806699124030902,0.27596632338625243,0.20290034679380753,0.20290034679380753
558,0.5585585585585585,0.16492586262429917,0.7787724775884568,0.27110886365886183,0.20161013578676468,0.20161013578676468
559,0.5595595595595596,0.1622534642577369,0.7771298456015346,0.263384932976825,0.20017308065885048,0.20017308065885048
560,0.5605605605605606,0.1556488095538717,0.7754596243544544,0.26241491771954656,0.19862846360239395,0.19862846360239395
561,0.5615615615615616,0.1498521889084956,0.7724940106721132,0.261443972479683,0.19736061491976895,0.19736061491976895
562,0.5625625625625625,0.14640269082901577,0.7696747595647085,0.2601311574155924,0.19344412748842335,0.19344412748842335
563,0.5635635635635635,0.14281001447936548,0.766566004000394,0.25849148036729336,0.1918541338149524,0.1918541338149524
564,0.5645645645645646,0.13943295329590513,0.7638315877491189,0.24989442426035055,0.19102681793529777,0.19102681793529777
565,0.5655655655655656,0.13316010911607082,0.7622014993470836,0.24674709417847024,0.19017173136967835,0.19017173136967835
566,0.5665665665665666,0.12889100194034414,0.7596030210061407,0.2402119787400974,0.18890277036016317,0.18890277036016317
567,0.5675675675675675,0.1256959953380904,0.7575289390463986,0.23682259989190343,0.1868486665044191,0.1868486665044191
568,0.5685685685685685,0.12143984238981471,0.7568999037449963,0.23124912786534096,0.18500561037088162,0.18500561037088162
569,0.5695695695695696,0.11771738245977231,0.7542264654964389,0.2259655476065732,0.1837119046673311,0.1837119046673311
570,0.5705705705705706,0.11327943098114238,0.7523143193939507,0.22493181126408082,0.18156327994473115,0.18156327994473115
571,0.5715715715715716,0.10721330938811274,0.7508457388409002,0.222710136794593,0.17980257267698183,0.17980257267698183
572,0.5725725725725725,0.10098597665646654,0.7489881246051618,0.2179312023196226,0.17597334906655976,0.17597334906655976
573,0.5735735735735735,0.09759790211531369,0.7466679278120952,0.21440404025022017,0.17411450918006108,0.17411450918006108
574,0.5745745745745746,0.0948216595680022,0.7434343145151304,0.21206382708703467,0.1711237381964437,0.1711237381964437
575,0.5755755755755756,0.09114883316430675,0.7412054954415348,0.21097309197548764,0.16755628628392702,0.16755628628392702
576,0.5765765765765766,0.08765723537778995,0.7394258320208218,0.2053483532392729,0.16635777274033406,0.16635777274033406
577,0.5775775775775776,0.08496728344784654,0.7368060919148887,0.2025790531708578,0.1612637639394949,0.1612637639394949
578,0.5785785785785785,0.08122009892435857,0.7338132075300237,0.2015478549695241,0.16047704092866916,0.16047704092866916
579,0.5795795795795796,0.07870117333334724,0.7314131140944599,0.20060136529069245,0.15968966570847345,0.15968966570847345
580,0.5805805805805806,0.07642969479266896,0.7274750253198852,0.2007586510294408,0.1547167737996562,0.1547167737996562
581,0.5815815815815816,0.07184079211864734,0.7245163145907201,0.20026450799989354,0.14734858345598273,0.14734858345598273
582,0.5825825825825826,0.06868828576336408,0.7204297924567932,0.1943387557064717,0.14356403818620891,0.14356403818620891
583,0.5835835835835835,0.06561796879817818,0.7163759795073146,0.18728395572793272,0.1374680244496502,0.1374680244496502
584,0.5845845845845846,0.06394346244164924,0.714034496592715,0.18537928199055717,0.13313471674951768,0.13313471674951768
585,0.5855855855855856,0.06016183192286165,0.7111782079639553,0.17835513390365845,0.1304195275402347,0.1304195275402347
586,0.5865865865865866,0.055432314825518414,0.7076895424040258,0.17671492878001752,0.12671021607266947,0.12671021607266947
587,0.5875875875875876,0.05279680369099514,0.7051937329934628,0.17548333437084934,0.12145851547615107,0.12145851547615107
588,0.5885885885885885,0.05041011315210975,0.7017555534824994,0.17425029461750027,0.11385422915340897,0.11385422915340897
589,0.5895895895895896,0.0482623221831919,0.699178941345658,0.1743062782341459,0.11195879937942166,0.11195879937942166
590,0.5905905905905906,0.04576641086528189,0.6954641009487122,0.17389447084667625,0.10846144720815992,0.10846144720815992
591,0.5915915915915916,0.04410341167267375,0.6924207798082616,0.17099222687527324,0.1073416098408474,0.1073416098408474
592,0.5925925925925926,0.04277002447659465,0.6896516899752373,0.17004604472231422,0.10417955769891461,0.10417955769891461
593,0.5935935935935935,0.04160307914148296,0.6866148572885099,0.16909900070291242,0.1005713408646105,0.1005713408646105
594,0.5945945945945946,0.04046986569890079,0.6824107756060133,0.1676009034207038,0.09713210065835455,0.09713210065835455
595,0.5955955955955956,0.0394552502376597,0.6805466157517738,0.1633954377604388,0.0963745945716881,0.0963745945716881
596,0.5965965965965966,0.03874895327646505,0.677876447638798,0.1635835969054008,0.095616516533571,0.095616516533571
597,0.5975975975975976,0.038568999453121595,0.674209168784252,0.16192573717808284,0.09404200002529466,0.09404200002529466
598,0.5985985985985985,0.03838901328807885,0.6705868299874638,0.16017932426249973,0.09128270089425744,0.09128270089425744
599,0.5995995995995996,0.034817468495648436,0.6673317313565453,0.1582714628079331,0.08813253734361691,0.08813253734361691
600,0.6006006006006006,0.033344837749367744,0.664908143952159,0.1553045966866011,0.0860624669196142,0.0860624669196142
601,0.6016016016016016,0.031210695474093032,0.6628020867793973,0.149298844523229,0.08237672175231112,0.08237672175231112
602,0.6026026026026026,0.02994307367581182,0.6581268786300365,0.14294483797860055,0.07676236286674808,0.07676236286674808
603,0.6036036036036035,0.028703076052617425,0.6543454831821215,0.1411215677047599,0.07307940098438048,0.07307940098438048
604,0.6046046046046046,0.027355035155856494,0.6499135054185456,0.1401723101568564,0.07201699702388885,0.07201699702388885
605,0.6056056056056056,0.027079359658776336,0.6454963268394863,0.13923059149851208,0.0709576090299169,0.0709576090299169
606,0.6066066066066066,0.0258370704517742,0.6411152420042348,0.13828803720801955,0.06993220327706683,0.06993220327706683
607,0.6076076076076076,0.024198681381823278,0.6363401711755048,0.13311357110628605,0.068905746676424,0.068905746676424
608,0.6086086086086087,0.023290270385708293,0.6315579774246884,0.13061828685306012,0.0657848604351371,0.0657848604351371
609,0.6096096096096096,0.02284088574937157,0.628120945372371,0.12494790400706927,0.06454673435704276,0.06454673435704276
610,0.6106106106106106,0.02123133056165892,0.622249846811406,0.11730005250645993,0.06178599711031744,0.06178599711031744
611,0.6116116116116116,0.020505966316291188,0.6167114593973901,0.11262516375339775,0.0595074678274472,0.0595074678274472
612,0.6126126126126126,0.020120788488788746,0.6119144437220911,0.10692391828443998,0.05834234371454632,0.05834234371454632
613,0.6136136136136137,0.01911592713815187,0.6069945072567164,0.10169519228018452,0.0576640532719131,0.0576640532719131
614,0.6146146146146146,0.01798475985300086,0.6026839335976623,0.09516298493457866,0.056985309724071474,0.056985309724071474
615,0.6156156156156156,0.017341015465449593,0.5983606418126023,0.09238259779177396,0.056306111891209515,0.056306111891209515
616,0.6166166166166166,0.016892513243319234,0.5928442422658321,0.09136646932391261,0.054012229781144644,0.054012229781144644
617,0.6176176176176176,0.016365338663067212,0.58528430273043,0.09141926556664151,0.05253521689090968,0.05253521689090968
618,0.6186186186186187,0.015733306511157234,0.5803394296397029,0.09147102035725513,0.051028806737902006,0.051028806737902006
619,0.6196196196196196,0.015491668647733355,0.5747638623025926,0.09064382247177538,0.04857458174090914,0.04857458174090914
620,0.6206206206206206,0.014874377648016015,0.569988987941728,0.08955710955779997,0.04750769593186801,0.04750769593186801
621,0.6216216216216216,0.014527450412172984,0.5618163239225623,0.08846935017767484,0.04643970425314011,0.04643970425314011
622,0.6226226226226226,0.01312873575953584,0.5555985119433401,0.08698406590961213,0.04219465986749266,0.04219465986749266
623,0.6236236236236237,0.012793195420443715,0.5488461459437808,0.08549620983724854,0.04092867963287265,0.04092867963287265
624,0.6246246246246246,0.012609034366978862,0.5433429066304405,0.08407613976698872,0.04035272224532762,0.04035272224532762
625,0.6256256256256256,0.012137271406955471,0.5367791004248137,0.08265689833186056,0.039776447657261675,0.039776447657261675
626,0.6266266266266266,0.011594573058293207,0.5306161365608216,0.07286885911170461,0.03919985473778389,0.03919985473778389
627,0.6276276276276276,0.010927316828153285,0.5256507050523614,0.07136016106518543,0.038628666792277444,0.038628666792277444
628,0.6286286286286287,0.010768310966368096,0.5202540704691435,0.06958164067892463,0.03808954478449992,0.03808954478449992
629,0.6296296296296297,0.010609280617707975,0.5144112650013193,0.0670943418550263,0.03755014680890949,0.03755014680890949
630,0.6306306306306306,0.010375647912445236,0.5068262500225703,0.06711159611443496,0.037010471851599655,0.037010471851599655
631,0.6316316316316316,0.00986037451564014,0.4999823619654651,0.06712864666642679,0.03647051889369117,0.03647051889369117
632,0.6326326326326326,0.009399929207192428,0.4900597542029684,0.06714549709735014,0.03590841131025973,0.03590841131025973
633,0.6336336336336337,0.009035978527075803,0.4818144315769941,0.06716215090985911,0.035319706033180916,0.035319706033180916
634,0.6346346346346347,0.008798899714024117,0.4734999225055307,0.06717861152534081,0.0347306734042421,0.0347306734042421
635,0.6356356356356356,0.008617561215410416,0.46754084264984574,0.06719488228625874,0.03414131196141305,0.03414131196141305
636,0.6366366366366366,0.008359322179873565,0.46055687537989015,0.06521371084538226,0.03354920022044608,0.03354920022044608
637,0.6376376376376376,0.008011485460568624,0.45415223667175475,0.06413219242399984,0.032942089087102805,0.032942089087102805
638,0.6386386386386387,0.0075332721608223204,0.4480812303451818,0.0641786815729615,0.03233463269316307,0.03233463269316307
639,0.6396396396396397,0.0068288060691802255,0.44291432847021245,0.062424166131148304,0.031726829249157505,0.031726829249157505
640,0.6406406406406406,0.006597183291926283,0.4368930199671629,0.0599635756215257,0.03111867695322884,0.03111867695322884
641,0.6416416416416416,0.006434035713068552,0.43004063505062945,0.05791676358007201,0.031117651420203417,0.031117651420203417
642,0.6426426426426426,0.006321470012875324,0.4222766228447862,0.05763876148704527,0.028121079162939558,0.028121079162939558
643,0.6436436436436437,0.006208892382535326,0.41703397712969403,0.057360688675221705,0.02699544880131591,0.02699544880131591
644,0.6446446446446447,0.0060963027810012616,0.41103123419028276,0.05708254500402064,0.025522620180169223,0.025522620180169223
645,0.6456456456456456,0.006044126784181111,0.40445587690661644,0.05680433033248848,0.021239678751044704,0.021239678751044704
646,0.6466466466466466,0.005993296576267835,0.3981424593125008,0.056526044519297526,0.018102501734678176,0.018102501734678176
647,0.6476476476476476,0.005942463952815644,0.3899864300884747,0.05624768742274475,0.01768210571871665,0.01768210571871665
648,0.6486486486486487,0.005891628909589116,0.38334782854714883,0.05596925890075053,0.01726153131784209,0.01726153131784209
649,0.6496496496496497,0.005840791442342933,0.37518860884097216,0.055690758810857506,0.016840778418490486,0.016840778418490486
650,0.6506506506506506,0.005789951546821826,0.3682134506190826,0.0554121870102291,0.01641984690700128,0.01641984690700128
651,0.6516516516516516,0.00573910921876057,0.36367878672855486,0.05513354335564843,0.015998736669617434,0.015998736669617434
652,0.6526526526526526,0.005680301529474785,0.35529306062783006,0.05403604435996141,0.01560540499500162,0.01560540499500162
653,0.6536536536536537,0.005200046691320128,0.3488911045036723,0.05148967981496483,0.015292232700436222,0.015292232700436222
654,0.6546546546546547,0.005050085954265946,0.342050358491998,0.050642461169104785,0.014978961542099482,0.014978961542099482
655,0.6556556556556556,0.00490010431772944,0.33287216164095274,0.049794594088252,0.014665591473169275,0.014665591473169275
656,0.6566566566566566,0.004615218960914777,0.3262080959223649,0.048946073854551415,0.014352122446793932,0.014352122446793932
657,0.6576576576576576,0.004251192671557432,0.31638507658373494,0.04824371964771636,0.014038554416092194,0.014038554416092194
658,0.6586586586586587,0.0036556986571333943,0.3066259804635099,0.047631453597667836,0.013724887334153151,0.013724887334153151
659,0.6596596596596597,0.003630798423299178,0.2961147479695647,0.0470188526963648,0.013411121154036351,0.013411121154036351
660,0.6606606606606606,0.003605897642775329,0.2893972990503781,0.04640591499868597,0.013097255828771574,0.013097255828771574
661,0.6616616616616616,0.0035809963142967895,0.28167387385490744,0.04579263854441554,0.012490946142734119,0.012490946142734119
662,0.6626626626626626,0.0035560944365945935,0.27475837284089427,0.04546991368220925,0.011876369253442057,0.011876369253442057
663,0.6636636636636637,0.0035311920083958516,0.26680840408850115,0.0455027830872618,0.01126141216806279,0.01126141216806279
664,0.6646646646646647,0.0035062890284237465,0.2591168402608318,0.04523518195513162,0.010646074533685872,0.010646074533685872
665,0.6656656656656657,0.0034813854953975,0.25193886628750783,0.0435933810098232,0.009821294027207078,0.009821294027207078
666,0.6666666666666666,0.0034564814080323713,0.24424328790291333,0.04218636408557559,0.008921621453883139,0.008921621453883139
667,0.6676676676676676,0.0034315767650396354,0.2376042325405635,0.04152628314238243,0.008021135107603671,0.008021135107603671
668,0.6686686686686687,0.003406671565126568,0.23034156981495568,0.04086579252294362,0.007637185198451276,0.007637185198451276
669,0.6696696696696697,0.00338176580699644,0.22106165914978437,0.040204890301114814,0.007354060986170269,0.007354060986170269
670,0.6706706706706707,0.003356859489348483,0.21489021545033876,0.039543574538657866,0.00707085629586425,0.00707085629586425
671,0.6716716716716716,0.00333195261087789,0.2066736338072778,0.03889709145744707,0.006787571093214543,0.006787571093214543
672,0.6726726726726726,0.0033070451702757915,0.19925861909831694,0.038272377904859885,0.006504205343882947,0.006504205343882947
673,0.6736736736736737,0.003282137166229239,0.19281869344573221,0.037647300518883646,0.006220759013511704,0.006220759013511704
674,0.6746746746746747,0.0032572285974212024,0.18590852814271194,0.03702185746461996,0.005937232067723607,0.005937232067723607
675,0.6756756756756757,0.0029025393180628616,0.18073264904843755,0.03639604689481097,0.005653624472121797,0.005653624472121797
676,0.6766766766766766,0.00278825436122007,0.17315606945868983,0.03529306001533017,0.005369936192289874,0.005369936192289874
677,0.6776776776776777,0.0027184554942637712,0.16541201089848534,0.03298443228183404,0.005136591371073515,0.005136591371073515
678,0.6786786786786787,0.0026486524504341414,0.15895902171510476,0.03193087338564023,0.004936911635749962,0.004936911635749962
679,0.6796796796796797,0.0025788451847647722,0.1509116144038812,0.031029989130123968,0.004737191921761211,0.004737191921761211
680,0.6806806806806807,0.002509033651641489,0.1464435293737676,0.030128359188742113,0.0045374322170996335,0.0045374322170996335
681,0.6816816816816816,0.0024393010213361785,0.14197568531660784,0.028798291061213014,0.004337632509752789,0.004337632509752789
682,0.6826826826826827,0.0023715675951581417,0.13751234506822463,0.02652470061253638,0.004137792787703401,0.004137792787703401
683,0.6836836836836837,0.002303830393978769,0.1336619579076701,0.02409213097206451,0.003937913038929452,0.003937913038929452
684,0.6846846846846847,0.002236089364252065,0.12908903603975466,0.01968348646011123,0.003737993251404038,0.003737993251404038
685,0.6856856856856857,0.0021683444514145446,0.12413346990642399,0.01883377807768395,0.0035380334130954553,0.0035380334130954553
686,0.6866866866866866,0.0021005955998609394,0.11783824912383879,0.017983465535667067,0.003338033511967185,0.003338033511967185
687,0.6876876876876877,0.002030300165531775,0.11405686082619501,0.01713253463762142,0.0031379935359778584,0.0031379935359778584
688,0.6886886886886887,0.001895596845475613,0.10804417045716529,0.01650855890379106,0.0029379134730813474,0.0029379134730813474
689,0.6896896896896897,0.0017608789843715261,0.1027780461271351,0.013232330700106775,0.002737793311226632,0.002737793311226632
690,0.6906906906906907,0.001623152651439262,0.10047852648980357,0.010301609414411522,0.0,0.0
691,0.6916916916916916,0.0013282364841552237,0.09782408231234543,0.007916500712135666,0.0,0.0
692,0.6926926926926927,0.0012217902933492851,0.09164095019460397,0.006564284731081304,0.0,0.0
693,0.6936936936936937,0.0012218508514675592,0.0853854748727423,0.006386097424301412,0.0,0.0
694,0.6946946946946947,0.0012219041711763223,0.08232207196570131,0.006207878259403987,0.0,0.0
695,0.6956956956956957,0.0012219514770803828,0.07777522575059072,0.006029627227844399,0.0,0.0
696,0.6966966966966966,0.0012219937322905943,0.07319665292483675,0.005851344321074952,0.0,0.0
697,0.6976976976976977,0.0011424478458192408,0.06849915401887009,0.005673029530544878,0.0,0.0
698,0.6986986986986987,0.001058261163995155,0.06408139802097865,0.005494682847700411,0.0,0.0
699,0.6996996996996997,0.0009740673904241818,0.060422363157520344,0.005316304263984661,0.0,0.0
700,0.7007007007007007,0.0008898665242101881,0.05841925108411414,0.005137893770837703,0.0,0.0
701,0.7017017017017017,0.0008106548757106714,0.053396008566083224,0.004959451359696543,0.0,0.0
702,0.7027027027027027,0.0007723190037650832,0.048121850226818454,0.004780977021995103,0.0,0.0
703,0.7037037037037037,0.0007339816615563015,0.04572905482865086,0.004602470749164307,0.0,0.0
704,0.7047047047047047,0.0006956428489997388,0.04450365049908365,0.004423932532631942,0.0,0.0
705,0.7057057057057057,0.0006573025660108054,0.041076044047436526,0.004245362363822754,0.0,0.0
706,0.7067067067067067,0.000618960812504905,0.03795260565777646,0.0040667602341584175,0.0,0.0
707,0.7077077077077077,0.0005806175883974306,0.03428634585882392,0.003888126135057513,0.0,0.0
708,0.7087087087087087,0.0005422728936037816,0.03237650735534253,0.0037094600579356124,0.0,0.0
709,0.7097097097097097,0.0005039267280393378,0.028680621244005527,0.0035307619942051525,0.0,0.0
710,0.7107107107107107,0.0004655790916194773,0.025337991863217023,0.003352031935275515,0.0,0.0
711,0.7117117117117117,0.00042722998425957114,0.023644872906216377,0.0,0.0,0.0
712,0.7127127127127127,0.0,0.022202386604751555,0.0,0.0,0.0
713,0.7137137137137137,0.0,0.020454499311333706,0.0,0.0,0.0
714,0.7147147147147147,0.0,0.018680921494077157,0.0,0.0,0.0
715,0.7157157157157157,0.0,0.018124940925605508,0.0,0.0,0.0
716,0.7167167167167167,0.0,0.017587358226017088,0.0,0.0,0.0
717,0.7177177177177178,0.0,0.014664610024109893,0.0,0.0,0.0
718,0.7187187187187187,0.0,0.01426444888502076,0.0,0.0,0.0
719,0.7197197197197197,0.0,0.012122788457072483,0.0,0.0,0.0
720,0.7207207207207207,0.0,0.010683166930895454,0.0,0.0,0.0
721,0.7217217217217217,0.0,0.009369645898931888,0.0,0.0,0.0
722,0.7227227227227228,0.0,0.008532177912457915,0.0,0.0,0.0
723,0.7237237237237237,0.0,0.00812236885154881,0.0,0.0,0.0
724,0.7247247247247247,0.0,0.007368423459407287,0.0,0.0,0.0
725,0.7257257257257257,0.0,0.0064910007815205326,0.0,0.0,0.0
726,0.7267267267267267,0.0,0.00593082916844833,0.0,0.0,0.0
727,0.7277277277277278,0.0,0.005642468724916761,0.0,0.0,0.0
728,0.7287287287287287,0.0,0.005286251890300385,0.0,0.0,0.0
729,0.7297297297297297,0.0,0.003881613031234824,0.0,0.0,0.0
730,0.7307307307307307,0.0,0.0032461144991748495,0.0,0.0,0.0
731,0.7317317317317317,0.0,0.002255787738480675,0.0,0.0,0.0
732,0.7327327327327328,0.0,0.002164042376367104,0.0,0.0,0.0
733,0.7337337337337337,0.0,0.002072288587150622,0.0,0.0,0.0
734,0.7347347347347347,0.0,0.0019805263696700817,0.0,0.0,0.0
735,0.7357357357357357,0.0,0.0018887557227641315,0.0,0.0,0.0
736,0.7367367367367368,0.0,0.0013223341523432926,0.0,0.0,0.0
737,0.7377377377377378,0.0,0.001083357501330312,0.0,0.0,0.0
738,0.7387387387387387,0.0,0.0007936017943148705,0.0,0.0,0.0
739,0.7397397397397397,0.0,0.0,0.0,0.0,0.0
740,0.7407407407407407,0.0,0.0,0.0,0.0,0.0
741,0.7417417417417418,0.0,0.0,0.0,0.0,0.0
742,0.7427427427427428,0.0,0.0,0.0,0.0,0.0
743,0.7437437437437437,0.0,0.0,0.0,0.0,0.0
744,0.7447447447447447,0.0,0.0,0.0,0.0,0.0
745,0.7457457457457457,0.0,0.0,0.0,0.0,0.0
746,0.7467467467467468,0.0,0.0,0.0,0.0,0.0
747,0.7477477477477478,0.0,0.0,0.0,0.0,0.0
748,0.7487487487487487,0.0,0.0,0.0,0.0,0.0
749,0.7497497497497497,0.0,0.0,0.0,0.0,0.0
750,0.7507507507507507,0.0,0.0,0.0,0.0,0.0
751,0.7517517517517518,0.0,0.0,0.0,0.0,0.0
752,0.7527527527527528,0.0,0.0,0.0,0.0,0.0
753,0.7537537537537538,0.0,0.0,0.0,0.0,0.0
754,0.7547547547547547,0.0,0.0,0.0,0.0,0.0
755,0.7557557557557557,0.0,0.0,0.0,0.0,0.0
756,0.7567567567567568,0.0,0.0,0.0,0.0,0.0
757,0.7577577577577578,0.0,0.0,0.0,0.0,0.0
758,0.7587587587587588,0.0,0.0,0.0,0.0,0.0
759,0.7597597597597597,0.0,0.0,0.0,0.0,0.0
760,0.7607607607607607,0.0,0.0,0.0,0.0,0.0
761,0.7617617617617618,0.0,0.0,0.0,0.0,0.0
762,0.7627627627627628,0.0,0.0,0.0,0.0,0.0
763,0.7637637637637638,0.0,0.0,0.0,0.0,0.0
764,0.7647647647647647,0.0,0.0,0.0,0.0,0.0
765,0.7657657657657657,0.0,0.0,0.0,0.0,0.0
766,0.7667667667667668,0.0,0.0,0.0,0.0,0.0
767,0.7677677677677678,0.0,0.0,0.0,0.0,0.0
768,0.7687687687687688,0.0,0.0,0.0,0.0,0.0
769,0.7697697697697697,0.0,0.0,0.0,0.0,0.0
770,0.7707707707707707,0.0,0.0,0.0,0.0,0.0
771,0.7717717717717718,0.0,0.0,0.0,0.0,0.0
772,0.7727727727727728,0.0,0.0,0.0,0.0,0.0
773,0.7737737737737738,0.0,0.0,0.0,0.0,0.0
774,0.7747747747747747,0.0,0.0,0.0,0.0,0.0
775,0.7757757757757757,0.0,0.0,0.0,0.0,0.0
776,0.7767767767767768,0.0,0.0,0.0,0.0,0.0
777,0.7777777777777778,0.0,0.0,0.0,0.0,0.0
778,0.7787787787787788,0.0,0.0,0.0,0.0,0.0
779,0.7797797797797797,0.0,0.0,0.0,0.0,0.0
780,0.7807807807807807,0.0,0.0,0.0,0.0,0.0
781,0.7817817817817818,0.0,0.0,0.0,0.0,0.0
782,0.7827827827827828,0.0,0.0,0.0,0.0,0.0
783,0.7837837837837838,0.0,0.0,0.0,0.0,0.0
784,0.7847847847847848,0.0,0.0,0.0,0.0,0.0
785,0.7857857857857857,0.0,0.0,0.0,0.0,0.0
786,0.7867867867867868,0.0,0.0,0.0,0.0,0.0
787,0.7877877877877878,0.0,0.0,0.0,0.0,0.0
788,0.7887887887887888,0.0,0.0,0.0,0.0,0.0
789,0.7897897897897898,0.0,0.0,0.0,0.0,0.0
790,0.7907907907907907,0.0,0.0,0.0,0.0,0.0
791,0.7917917917917918,0.0,0.0,0.0,0.0,0.0
792,0.7927927927927928,0.0,0.0,0.0,0.0,0.0
793,0.7937937937937938,0.0,0.0,0.0,0.0,0.0
794,0.7947947947947948,0.0,0.0,0.0,0.0,0.0
795,0.7957957957957957,0.0,0.0,0.0,0.0,0.0
796,0.7967967967967968,0.0,0.0,0.0,0.0,0.0
797,0.7977977977977978,0.0,0.0,0.0,0.0,0.0
798,0.7987987987987988,0.0,0.0,0.0,0.0,0.0
799,0.7997997997997998,0.0,0.0,0.0,0.0,0.0
800,0.8008008008008007,0.0,0.0,0.0,0.0,0.0
801,0.8018018018018018,0.0,0.0,0.0,0.0,0.0
802,0.8028028028028028,0.0,0.0,0.0,0.0,0.0
803,0.8038038038038038,0.0,0.0,0.0,0.0,0.0
804,0.8048048048048048,0.0,0.0,0.0,0.0,0.0
805,0.8058058058058059,0.0,0.0,0.0,0.0,0.0
806,0.8068068068068068,0.0,0.0,0.0,0.0,0.0
807,0.8078078078078078,0.0,0.0,0.0,0.0,0.0
808,0.8088088088088088,0.0,0.0,0.0,0.0,0.0
809,0.8098098098098098,0.0,0.0,0.0,0.0,0.0
810,0.8108108108108109,0.0,0.0,0.0,0.0,0.0
811,0.8118118118118118,0.0,0.0,0.0,0.0,0.0
812,0.8128128128128128,0.0,0.0,0.0,0.0,0.0
813,0.8138138138138138,0.0,0.0,0.0,0.0,0.0
814,0.8148148148148148,0.0,0.0,0.0,0.0,0.0
815,0.8158158158158159,0.0,0.0,0.0,0.0,0.0
816,0.8168168168168168,0.0,0.0,0.0,0.0,0.0
817,0.8178178178178178,0.0,0.0,0.0,0.0,0.0
818,0.8188188188188188,0.0,0.0,0.0,0.0,0.0
819,0.8198198198198198,0.0,0.0,0.0,0.0,0.0
820,0.8208208208208209,0.0,0.0,0.0,0.0,0.0
821,0.8218218218218218,0.0,0.0,0.0,0.0,0.0
822,0.8228228228228228,0.0,0.0,0.0,0.0,0.0
823,0.8238238238238238,0.0,0.0,0.0,0.0,0.0
824,0.8248248248248248,0.0,0.0,0.0,0.0,0.0
825,0.8258258258258259,0.0,0.0,0.0,0.0,0.0
826,0.8268268268268268,0.0,0.0,0.0,0.0,0.0
827,0.8278278278278278,0.0,0.0,0.0,0.0,0.0
828,0.8288288288288288,0.0,0.0,0.0,0.0,0.0
829,0.8298298298298298,0.0,0.0,0.0,0.0,0.0
830,0.8308308308308309,0.0,0.0,0.0,0.0,0.0
831,0.8318318318318318,0.0,0.0,0.0,0.0,0.0
832,0.8328328328328328,0.0,0.0,0.0,0.0,0.0
833,0.8338338338338338,0.0,0.0,0.0,0.0,0.0
834,0.8348348348348348,0.0,0.0,0.0,0.0,0.0
835,0.8358358358358359,0.0,0.0,0.0,0.0,0.0
836,0.8368368368368369,0.0,0.0,0.0,0.0,0.0
837,0.8378378378378378,0.0,0.0,0.0,0.0,0.0
838,0.8388388388388388,0.0,0.0,0.0,0.0,0.0
839,0.8398398398398398,0.0,0.0,0.0,0.0,0.0
840,0.8408408408408409,0.0,0.0,0.0,0.0,0.0
841,0.8418418418418419,0.0,0.0,0.0,0.0,0.0
842,0.8428428428428428,0.0,0.0,0.0,0.0,0.0
843,0.8438438438438438,0.0,0.0,0.0,0.0,0.0
844,0.8448448448448448,0.0,0.0,0.0,0.0,0.0
845,0.8458458458458459,0.0,0.0,0.0,0.0,0.0
846,0.8468468468468469,0.0,0.0,0.0,0.0,0.0
847,0.8478478478478478,0.0,0.0,0.0,0.0,0.0
848,0.8488488488488488,0.0,0.0,0.0,0.0,0.0
849,0.8498498498498498,0.0,0.0,0.0,0.0,0.0
850,0.8508508508508509,0.0,0.0,0.0,0.0,0.0
851,0.8518518518518519,0.0,0.0,0.0,0.0,0.0
852,0.8528528528528528,0.0,0.0,0.0,0.0,0.0
853,0.8538538538538538,0.0,0.0,0.0,0.0,0.0
854,0.8548548548548548,0.0,0.0,0.0,0.0,0.0
855,0.8558558558558559,0.0,0.0,0.0,0.0,0.0
856,0.8568568568568569,0.0,0.0,0.0,0.0,0.0
857,0.8578578578578578,0.0,0.0,0.0,0.0,0.0
858,0.8588588588588588,0.0,0.0,0.0,0.0,0.0
859,0.8598598598598598,0.0,0.0,0.0,0.0,0.0
860,0.8608608608608609,0.0,0.0,0.0,0.0,0.0
861,0.8618618618618619,0.0,0.0,0.0,0.0,0.0
862,0.8628628628628628,0.0,0.0,0.0,0.0,0.0
863,0.8638638638638638,0.0,0.0,0.0,0.0,0.0
864,0.8648648648648649,0.0,0.0,0.0,0.0,0.0
865,0.8658658658658659,0.0,0.0,0.0,0.0,0.0
866,0.8668668668668669,0.0,0.0,0.0,0.0,0.0
867,0.8678678678678678,0.0,0.0,0.0,0.0,0.0
868,0.8688688688688688,0.0,0.0,0.0,0.0,0.0
869,0.8698698698698699,0.0,0.0,0.0,0.0,0.0
870,0.8708708708708709,0.0,0.0,0.0,0.0,0.0
871,0.8718718718718719,0.0,0.0,0.0,0.0,0.0
872,0.8728728728728729,0.0,0.0,0.0,0.0,0.0
873,0.8738738738738738,0.0,0.0,0.0,0.0,0.0
874,0.8748748748748749,0.0,0.0,0.0,0.0,0.0
875,0.8758758758758759,0.0,0.0,0.0,0.0,0.0
876,0.8768768768768769,0.0,0.0,0.0,0.0,0.0
877,0.8778778778778779,0.0,0.0,0.0,0.0,0.0
878,0.8788788788788788,0.0,0.0,0.0,0.0,0.0
879,0.8798798798798799,0.0,0.0,0.0,0.0,0.0
880,0.8808808808808809,0.0,0.0,0.0,0.0,0.0
881,0.8818818818818819,0.0,0.0,0.0,0.0,0.0
882,0.8828828828828829,0.0,0.0,0.0,0.0,0.0
883,0.8838838838838838,0.0,0.0,0.0,0.0,0.0
884,0.8848848848848849,0.0,0.0,0.0,0.0,0.0
885,0.8858858858858859,0.0,0.0,0.0,0.0,0.0
886,0.8868868868868869,0.0,0.0,0.0,0.0,0.0
887,0.8878878878878879,0.0,0.0,0.0,0.0,0.0
888,0.8888888888888888,0.0,0.0,0.0,0.0,0.0
889,0.8898898898898899,0.0,0.0,0.0,0.0,0.0
890,0.8908908908908909,0.0,0.0,0.0,0.0,0.0
891,0.8918918918918919,0.0,0.0,0.0,0.0,0.0
892,0.8928928928928929,0.0,0.0,0.0,0.0,0.0
893,0.8938938938938938,0.0,0.0,0.0,0.0,0.0
894,0.8948948948948949,0.0,0.0,0.0,0.0,0.0
895,0.8958958958958959,0.0,0.0,0.0,0.0,0.0
896,0.8968968968968969,0.0,0.0,0.0,0.0,0.0
897,0.8978978978978979,0.0,0.0,0.0,0.0,0.0
898,0.8988988988988988,0.0,0.0,0.0,0.0,0.0
899,0.8998998998998999,0.0,0.0,0.0,0.0,0.0
900,0.9009009009009009,0.0,0.0,0.0,0.0,0.0
901,0.9019019019019019,0.0,0.0,0.0,0.0,0.0
902,0.9029029029029029,0.0,0.0,0.0,0.0,0.0
903,0.9039039039039038,0.0,0.0,0.0,0.0,0.0
904,0.9049049049049049,0.0,0.0,0.0,0.0,0.0
905,0.9059059059059059,0.0,0.0,0.0,0.0,0.0
906,0.9069069069069069,0.0,0.0,0.0,0.0,0.0
907,0.9079079079079079,0.0,0.0,0.0,0.0,0.0
908,0.9089089089089089,0.0,0.0,0.0,0.0,0.0
909,0.9099099099099099,0.0,0.0,0.0,0.0,0.0
910,0.9109109109109109,0.0,0.0,0.0,0.0,0.0
911,0.9119119119119119,0.0,0.0,0.0,0.0,0.0
912,0.9129129129129129,0.0,0.0,0.0,0.0,0.0
913,0.9139139139139139,0.0,0.0,0.0,0.0,0.0
914,0.914914914914915,0.0,0.0,0.0,0.0,0.0
915,0.9159159159159159,0.0,0.0,0.0,0.0,0.0
916,0.9169169169169169,0.0,0.0,0.0,0.0,0.0
917,0.9179179179179179,0.0,0.0,0.0,0.0,0.0
918,0.9189189189189189,0.0,0.0,0.0,0.0,0.0
919,0.91991991991992,0.0,0.0,0.0,0.0,0.0
920,0.9209209209209209,0.0,0.0,0.0,0.0,0.0
921,0.9219219219219219,0.0,0.0,0.0,0.0,0.0
922,0.9229229229229229,0.0,0.0,0.0,0.0,0.0
923,0.9239239239239239,0.0,0.0,0.0,0.0,0.0
924,0.924924924924925,0.0,0.0,0.0,0.0,0.0
925,0.9259259259259259,0.0,0.0,0.0,0.0,0.0
926,0.9269269269269269,0.0,0.0,0.0,0.0,0.0
927,0.9279279279279279,0.0,0.0,0.0,0.0,0.0
928,0.9289289289289289,0.0,0.0,0.0,0.0,0.0
929,0.92992992992993,0.0,0.0,0.0,0.0,0.0
930,0.9309309309309309,0.0,0.0,0.0,0.0,0.0
931,0.9319319319319319,0.0,0.0,0.0,0.0,0.0
932,0.9329329329329329,0.0,0.0,0.0,0.0,0.0
933,0.933933933933934,0.0,0.0,0.0,0.0,0.0
934,0.934934934934935,0.0,0.0,0.0,0.0,0.0
935,0.9359359359359359,0.0,0.0,0.0,0.0,0.0
936,0.9369369369369369,0.0,0.0,0.0,0.0,0.0
937,0.9379379379379379,0.0,0.0,0.0,0.0,0.0
938,0.938938938938939,0.0,0.0,0.0,0.0,0.0
939,0.93993993993994,0.0,0.0,0.0,0.0,0.0
940,0.9409409409409409,0.0,0.0,0.0,0.0,0.0
941,0.9419419419419419,0.0,0.0,0.0,0.0,0.0
942,0.9429429429429429,0.0,0.0,0.0,0.0,0.0
943,0.943943943943944,0.0,0.0,0.0,0.0,0.0
944,0.944944944944945,0.0,0.0,0.0,0.0,0.0
945,0.9459459459459459,0.0,0.0,0.0,0.0,0.0
946,0.9469469469469469,0.0,0.0,0.0,0.0,0.0
947,0.9479479479479479,0.0,0.0,0.0,0.0,0.0
948,0.948948948948949,0.0,0.0,0.0,0.0,0.0
949,0.94994994994995,0.0,0.0,0.0,0.0,0.0
950,0.950950950950951,0.0,0.0,0.0,0.0,0.0
951,0.9519519519519519,0.0,0.0,0.0,0.0,0.0
952,0.9529529529529529,0.0,0.0,0.0,0.0,0.0
953,0.953953953953954,0.0,0.0,0.0,0.0,0.0
954,0.954954954954955,0.0,0.0,0.0,0.0,0.0
955,0.955955955955956,0.0,0.0,0.0,0.0,0.0
956,0.9569569569569569,0.0,0.0,0.0,0.0,0.0
957,0.9579579579579579,0.0,0.0,0.0,0.0,0.0
958,0.958958958958959,0.0,0.0,0.0,0.0,0.0
959,0.95995995995996,0.0,0.0,0.0,0.0,0.0
960,0.960960960960961,0.0,0.0,0.0,0.0,0.0
961,0.9619619619619619,0.0,0.0,0.0,0.0,0.0
962,0.9629629629629629,0.0,0.0,0.0,0.0,0.0
963,0.963963963963964,0.0,0.0,0.0,0.0,0.0
964,0.964964964964965,0.0,0.0,0.0,0.0,0.0
965,0.965965965965966,0.0,0.0,0.0,0.0,0.0
966,0.9669669669669669,0.0,0.0,0.0,0.0,0.0
967,0.9679679679679679,0.0,0.0,0.0,0.0,0.0
968,0.968968968968969,0.0,0.0,0.0,0.0,0.0
969,0.96996996996997,0.0,0.0,0.0,0.0,0.0
970,0.970970970970971,0.0,0.0,0.0,0.0,0.0
971,0.9719719719719719,0.0,0.0,0.0,0.0,0.0
972,0.9729729729729729,0.0,0.0,0.0,0.0,0.0
973,0.973973973973974,0.0,0.0,0.0,0.0,0.0
974,0.974974974974975,0.0,0.0,0.0,0.0,0.0
975,0.975975975975976,0.0,0.0,0.0,0.0,0.0
976,0.9769769769769769,0.0,0.0,0.0,0.0,0.0
977,0.9779779779779779,0.0,0.0,0.0,0.0,0.0
978,0.978978978978979,0.0,0.0,0.0,0.0,0.0
979,0.97997997997998,0.0,0.0,0.0,0.0,0.0
980,0.980980980980981,0.0,0.0,0.0,0.0,0.0
981,0.9819819819819819,0.0,0.0,0.0,0.0,0.0
982,0.9829829829829829,0.0,0.0,0.0,0.0,0.0
983,0.983983983983984,0.0,0.0,0.0,0.0,0.0
984,0.984984984984985,0.0,0.0,0.0,0.0,0.0
985,0.985985985985986,0.0,0.0,0.0,0.0,0.0
986,0.986986986986987,0.0,0.0,0.0,0.0,0.0
987,0.9879879879879879,0.0,0.0,0.0,0.0,0.0
988,0.988988988988989,0.0,0.0,0.0,0.0,0.0
989,0.98998998998999,0.0,0.0,0.0,0.0,0.0
990,0.990990990990991,0.0,0.0,0.0,0.0,0.0
991,0.991991991991992,0.0,0.0,0.0,0.0,0.0
992,0.992992992992993,0.0,0.0,0.0,0.0,0.0
993,0.993993993993994,0.0,0.0,0.0,0.0,0.0
994,0.994994994994995,0.0,0.0,0.0,0.0,0.0
995,0.995995995995996,0.0,0.0,0.0,0.0,0.0
996,0.996996996996997,0.0,0.0,0.0,0.0,0.0
997,0.997997997997998,0.0,0.0,0.0,0.0,0.0
998,0.998998998998999,0.0,0.0,0.0,0.0,0.0
999,1.0,0.0,0.0,0.0,0.0,0.0
